seq,contract_no,sales_order_id,sales_order_number,purchase_order_number,party_a,party_b,customer_id,customer_account,city,state,country,territory,order_date,due_date,ship_date,expiration_date,governing_law,ship_method,carrier_tracking,product_categories,product_subcategories,total_line_items,products,subtotal,tax_amount,freight,total_due,card_type,pdf_filename,pdf_path
1,AWC-SO43659-001,43659,SO43659,PO522145787,"Adventure Works Cycles, Inc.",Better Bike Shop,29825,AW00029825,Austell,Georgia,United States,Southeast,"May 31, 2011","June 12, 2011","June 07, 2011","June 11, 2012",State of California,CARGO TRANSPORT 5,4911-403C-98,Bikes; Clothing; Accessories,Mountain Bikes; Jerseys; Socks; Caps; Helmets,12,"Mountain-100 Black, 42; Mountain-100 Black, 44; Mountain-100 Black, 48; Mountain-100 Silver, 38; Mountain-100 Silver, 42; Mountain-100 Silver, 44; Mountain-100 Silver, 48; Long-Sleeve Logo Jersey, M; Long-Sleeve Logo Jersey, XL; Mountain Bike Socks, M; AWC Logo Cap; Sport-100 Helmet, Blue",20565.6206,1971.5149,616.0984,23153.2339,ColonialVoice,aw_contract_SO43659.pdf,d:\CUAD\cuad\CUAD_v1\aw_contracts\aw_contract_SO43659.pdf
2,AWC-SO43660-002,43660,SO43660,PO18850127500,"Adventure Works Cycles, Inc.",Pedals Warehouse,29672,AW00029672,Suwanee,Georgia,United States,Southeast,"May 31, 2011","June 12, 2011","June 07, 2011","June 11, 2012",State of Georgia,CARGO TRANSPORT 5,6431-4D57-83,Bikes,Road Bikes,2,"Road-650 Red, 44; Road-450 Red, 52",1294.2529,124.2483,38.8276,1457.3288,Vista,aw_contract_SO43660.pdf,d:\CUAD\cuad\CUAD_v1\aw_contracts\aw_contract_SO43660.pdf
3,AWC-SO43661-003,43661,SO43661,PO18473189620,"Adventure Works Cycles, Inc.",Original Bicycle Supply Company,29734,AW00029734,Toronto,Ontario,Canada,Canada,"May 31, 2011","June 12, 2011","June 07, 2011","June 11, 2012","Province of Ontario, Canada",CARGO TRANSPORT 5,4E0A-4F89-AE,Components; Clothing; Bikes; Accessories,Mountain Frames; Caps; Jerseys; Mountain Bikes; Helmets,15,"HL Mountain Frame - Black, 48; HL Mountain Frame - Black, 42; HL Mountain Frame - Black, 38; AWC Logo Cap; Long-Sleeve Logo Jersey, L; HL Mountain Frame - Silver, 46; Mountain-100 Black, 38; Mountain-100 Black, 48; Sport-100 Helmet, Blue; HL Mountain Frame - Silver, 48; Mountain-100 Black, 42; Mountain-100 Silver, 44; Long-Sleeve Logo Jersey, XL; Mountain-100 Black, 44; Sport-100 Helmet, Black",32726.4786,3153.7696,985.553,36865.8012,Distinguish,aw_contract_SO43661.pdf,d:\CUAD\cuad\CUAD_v1\aw_contracts\aw_contract_SO43661.pdf
4,AWC-SO43662-004,43662,SO43662,PO18444174044,"Adventure Works Cycles, Inc.","Health Spa, Limited",29994,AW00029994,Toronto,Ontario,Canada,Canada,"May 31, 2011","June 12, 2011","June 07, 2011","June 11, 2012",State of California,CARGO TRANSPORT 5,2E53-4802-85,Bikes; Components,Road Bikes; Road Frames,22,"Road-650 Red, 52; Road-650 Black, 52; LL Road Frame - Red, 62; Road-450 Red, 58; LL Road Frame - Red, 44; Road-650 Red, 44; Road-650 Black, 58; Road-650 Black, 44; Road-150 Red, 56; Road-450 Red, 44; Road-650 Red, 48; ML Road Frame - Red, 48; Road-450 Red, 52; LL Road Frame - Red, 60; LL Road Frame - Black, 58; Road-150 Red, 62; Road-650 Red, 60; LL Road Frame - Red, 48; ML Road Frame - Red, 52; LL Road Frame - Black, 52; Road-650 Black, 60; Road-450 Red, 60",28832.5289,2775.1646,867.2389,32474.9324,ColonialVoice,aw_contract_SO43662.pdf,d:\CUAD\cuad\CUAD_v1\aw_contracts\aw_contract_SO43662.pdf
5,AWC-SO43663-005,43663,SO43663,PO18009186470,"Adventure Works Cycles, Inc.",World Bike Discount Store,29565,AW00029565,Trabuco Canyon,California,United States,Southwest,"May 31, 2011","June 12, 2011","June 07, 2011","June 11, 2012",State of California,CARGO TRANSPORT 5,1E90-4FBF-B6,Bikes,Road Bikes,1,"Road-650 Red, 60",419.4589,40.2681,12.5838,472.3108,Vista,aw_contract_SO43663.pdf,d:\CUAD\cuad\CUAD_v1\aw_contracts\aw_contract_SO43663.pdf
6,AWC-SO43664-006,43664,SO43664,PO16617121983,"Adventure Works Cycles, Inc.",Capable Sales and Service,29898,AW00029898,Seattle,Washington,United States,Northwest,"May 31, 2011","June 12, 2011","June 07, 2011","June 11, 2012","Province of British Columbia, Canada",CARGO TRANSPORT 5,2F44-4BA1-BB,Bikes; Clothing,Mountain Bikes; Jerseys,8,"Mountain-100 Silver, 42; Mountain-100 Black, 38; Long-Sleeve Logo Jersey, M; Long-Sleeve Logo Jersey, XL; Mountain-100 Black, 44; Mountain-100 Silver, 38; Mountain-100 Silver, 44; Mountain-100 Black, 48",24432.6088,2344.9921,732.81,27510.4109,ColonialVoice,aw_contract_SO43664.pdf,d:\CUAD\cuad\CUAD_v1\aw_contracts\aw_contract_SO43664.pdf
7,AWC-SO43665-007,43665,SO43665,PO16588191572,"Adventure Works Cycles, Inc.",Latest Sports Equipment,29580,AW00029580,Seattle,Washington,United States,Northwest,"May 31, 2011","June 12, 2011","June 07, 2011","June 11, 2012",State of Washington,CARGO TRANSPORT 5,19F0-4638-8E,Accessories; Bikes; Clothing,Helmets; Mountain Bikes; Jerseys; Caps; Socks,10,"Sport-100 Helmet, Blue; Mountain-100 Silver, 44; Sport-100 Helmet, Red; Long-Sleeve Logo Jersey, L; Mountain-100 Black, 44; AWC Logo Cap; Mountain-100 Black, 38; Mountain-100 Black, 48; Mountain Bike Socks, M; Mountain-100 Black, 42",14352.7713,1375.9427,429.9821,16158.6961,Vista,aw_contract_SO43665.pdf,d:\CUAD\cuad\CUAD_v1\aw_contracts\aw_contract_SO43665.pdf
8,AWC-SO43666-008,43666,SO43666,PO16008173883,"Adventure Works Cycles, Inc.",Wheel Gallery,30052,AW00030052,San Mateo,California,United States,Southwest,"May 31, 2011","June 12, 2011","June 07, 2011","June 11, 2012","Province of Ontario, Canada",CARGO TRANSPORT 5,D46A-40CA-8D,Bikes; Components,Road Bikes; Road Frames,6,"Road-650 Red, 52; Road-150 Red, 56; ML Road Frame - Red, 48; Road-450 Red, 44; Road-650 Black, 44; Road-650 Black, 60",5056.4896,486.3747,151.9921,5694.8564,Vista,aw_contract_SO43666.pdf,d:\CUAD\cuad\CUAD_v1\aw_contracts\aw_contract_SO43666.pdf
9,AWC-SO43667-009,43667,SO43667,PO15428132599,"Adventure Works Cycles, Inc.",Yellow Bicycle Company,29974,AW00029974,Saint Louis,Missouri,United States,Central,"May 31, 2011","June 12, 2011","June 07, 2011","June 11, 2012",State of Washington,CARGO TRANSPORT 5,4DFB-4B10-A6,Clothing; Bikes,Socks; Mountain Bikes,4,"Mountain Bike Socks, L; Mountain-100 Silver, 44; Mountain-100 Black, 48; Mountain-100 Black, 38",6107.082,586.1203,183.1626,6876.3649,SuperiorCard,aw_contract_SO43667.pdf,d:\CUAD\cuad\CUAD_v1\aw_contracts\aw_contract_SO43667.pdf
10,AWC-SO43668-010,43668,SO43668,PO14732180295,"Adventure Works Cycles, Inc.",Retail Mall,29614,AW00029614,Richmond,British Columbia,Canada,Canada,"May 31, 2011","June 12, 2011","June 07, 2011","June 11, 2012","Province of Ontario, Canada",CARGO TRANSPORT 5,365D-4C9A-BE,Bikes; Clothing; Components; Accessories,Road Bikes; Jerseys; Road Frames; Helmets; Caps,29,"Road-450 Red, 44; Road-150 Red, 56; Road-650 Red, 60; Road-650 Black, 58; Long-Sleeve Logo Jersey, L; LL Road Frame - Red, 62; Sport-100 Helmet, Red; Sport-100 Helmet, Blue; Road-450 Red, 58; AWC Logo Cap; LL Road Frame - Red, 60; Road-450 Red, 60; Road-650 Red, 62; Road-650 Black, 52; LL Road Frame - Red, 48; Road-650 Red, 52; Road-650 Black, 60; LL Road Frame - Red, 44; Long-Sleeve Logo Jersey, XL; Road-650 Black, 44; ML Road Frame - Red, 48; Road-450 Red, 52; Road-650 Red, 44; LL Road Frame - Black, 52; Long-Sleeve Logo Jersey, M; LL Road Frame - Black, 58; Sport-100 Helmet, Black; ML Road Frame - Red, 52; Road-650 Red, 48",35944.1562,3461.7654,1081.8017,40487.7233,ColonialVoice,aw_contract_SO43668.pdf,d:\CUAD\cuad\CUAD_v1\aw_contracts\aw_contract_SO43668.pdf
11,AWC-SO43669-011,43669,SO43669,PO14123169936,"Adventure Works Cycles, Inc.",The Bike Shop,29747,AW00029747,Puyallup,Washington,United States,Northwest,"May 31, 2011","June 12, 2011","June 07, 2011","June 11, 2012","Province of British Columbia, Canada",CARGO TRANSPORT 5,B65C-4867-86,Components,Mountain Frames,1,"HL Mountain Frame - Black, 38",714.7043,70.5175,22.0367,807.2585,Vista,aw_contract_SO43669.pdf,d:\CUAD\cuad\CUAD_v1\aw_contracts\aw_contract_SO43669.pdf
12,AWC-SO43670-012,43670,SO43670,PO14384116310,"Adventure Works Cycles, Inc.",Historic Bicycle Sales,29566,AW00029566,Redford,Michigan,United States,Central,"May 31, 2011","June 12, 2011","June 07, 2011","June 11, 2012",State of Arizona,CARGO TRANSPORT 5,F101-4649-85,Clothing; Bikes,Socks; Mountain Bikes,4,"Mountain Bike Socks, L; Mountain Bike Socks, M; Mountain-100 Silver, 44; Mountain-100 Black, 42",6122.082,587.5603,183.6126,6893.2549,Vista,aw_contract_SO43670.pdf,d:\CUAD\cuad\CUAD_v1\aw_contracts\aw_contract_SO43670.pdf
13,AWC-SO43671-013,43671,SO43671,PO13978119376,"Adventure Works Cycles, Inc.",Basic Bike Company,29890,AW00029890,Port Orchard,Washington,United States,Northwest,"May 31, 2011","June 12, 2011","June 07, 2011","June 11, 2012",State of Georgia,CARGO TRANSPORT 5,DFD9-41B7-94,Bikes; Clothing; Components; Accessories,Road Bikes; Jerseys; Road Frames; Helmets,11,"Road-150 Red, 56; Long-Sleeve Logo Jersey, M; Road-450 Red, 44; Road-650 Black, 44; ML Road Frame - Red, 48; Road-650 Red, 48; Road-450 Red, 60; Road-650 Red, 52; Long-Sleeve Logo Jersey, XL; Sport-100 Helmet, Blue; Sport-100 Helmet, Black",8128.7876,780.8136,244.0042,9153.6054,Vista,aw_contract_SO43671.pdf,d:\CUAD\cuad\CUAD_v1\aw_contracts\aw_contract_SO43671.pdf
14,AWC-SO43672-014,43672,SO43672,PO13862153537,"Adventure Works Cycles, Inc.",Red Bicycle Company,30067,AW00030067,Pnot-Rouge,Quebec,Canada,Canada,"May 31, 2011","June 12, 2011","June 07, 2011","June 11, 2012",State of New York,CARGO TRANSPORT 5,F4B5-48D0-BA,Clothing; Bikes,Socks; Mountain Bikes,3,"Mountain Bike Socks, M; Mountain-100 Black, 42; Mountain-100 Silver, 48",6124.182,587.6023,183.6257,6895.41,Vista,aw_contract_SO43672.pdf,d:\CUAD\cuad\CUAD_v1\aw_contracts\aw_contract_SO43672.pdf
15,AWC-SO43673-015,43673,SO43673,PO13775141242,"Adventure Works Cycles, Inc.",Seventh Bike Store,29844,AW00029844,Plaistow,New Hampshire,United States,Northeast,"May 31, 2011","June 12, 2011","June 07, 2011","June 11, 2012",State of Texas,CARGO TRANSPORT 5,260F-4DCF-A1,Bikes; Clothing; Components; Accessories,Road Bikes; Jerseys; Road Frames; Caps; Helmets,11,"Road-450 Red, 58; Long-Sleeve Logo Jersey, L; LL Road Frame - Red, 60; Road-650 Red, 62; Road-650 Red, 44; LL Road Frame - Black, 52; Road-650 Black, 52; AWC Logo Cap; Sport-100 Helmet, Black; Sport-100 Helmet, Blue; Sport-100 Helmet, Red",3746.2015,357.9614,111.8629,4216.0258,Vista,aw_contract_SO43673.pdf,d:\CUAD\cuad\CUAD_v1\aw_contracts\aw_contract_SO43673.pdf
16,AWC-SO43674-016,43674,SO43674,PO12760141756,"Adventure Works Cycles, Inc.",Requisite Part Supply,29596,AW00029596,Ottawa,Ontario,Canada,Canada,"May 31, 2011","June 12, 2011","June 07, 2011","June 11, 2012",State of New York,CARGO TRANSPORT 5,4C12-4FF9-80,Bikes,Road Bikes,1,"Road-450 Red, 52",2624.382,251.9407,78.7315,2955.0542,SuperiorCard,aw_contract_SO43674.pdf,d:\CUAD\cuad\CUAD_v1\aw_contracts\aw_contract_SO43674.pdf
17,AWC-SO43675-017,43675,SO43675,PO12412186464,"Adventure Works Cycles, Inc.",First Bike Store,29827,AW00029827,Odessa,Missouri,United States,Central,"May 31, 2011","June 12, 2011","June 07, 2011","June 11, 2012",State of Texas,CARGO TRANSPORT 5,5069-4470-BE,Bikes; Accessories; Components; Clothing,Road Bikes; Helmets; Road Frames; Caps; Jerseys,9,"Road-650 Red, 62; Sport-100 Helmet, Blue; LL Road Frame - Black, 52; Sport-100 Helmet, Black; Road-650 Red, 44; Road-450 Red, 52; AWC Logo Cap; Road-450 Red, 58; Long-Sleeve Logo Jersey, L",5716.3102,546.8759,170.8987,6434.0848,Vista,aw_contract_SO43675.pdf,d:\CUAD\cuad\CUAD_v1\aw_contracts\aw_contract_SO43675.pdf
18,AWC-SO43676-018,43676,SO43676,PO11861165059,"Adventure Works Cycles, Inc.",Trusted Catalog Store,29811,AW00029811,Newport News,Virginia,United States,Southeast,"May 31, 2011","June 12, 2011","June 07, 2011","June 11, 2012",State of California,CARGO TRANSPORT 5,11BA-4D19-B7,Bikes; Clothing,Mountain Bikes; Socks,5,"Mountain-100 Black, 42; Mountain-100 Black, 48; Mountain Bike Socks, L; Mountain-100 Black, 38; Mountain Bike Socks, M",14203.458,1363.266,426.0206,15992.7446,ColonialVoice,aw_contract_SO43676.pdf,d:\CUAD\cuad\CUAD_v1\aw_contracts\aw_contract_SO43676.pdf
19,AWC-SO43677-019,43677,SO43677,PO11049174786,"Adventure Works Cycles, Inc.",Superb Sales and Repair,29824,AW00029824,Montreal,Quebec,Canada,Canada,"May 31, 2011","June 12, 2011","June 07, 2011","June 11, 2012",State of California,CARGO TRANSPORT 5,8E3A-4564-99,Clothing; Bikes; Accessories; Components,Jerseys; Road Bikes; Helmets; Caps; Road Frames,12,"Long-Sleeve Logo Jersey, L; Road-150 Red, 56; Road-450 Red, 52; Road-650 Black, 52; Sport-100 Helmet, Black; Road-650 Red, 60; Road-650 Black, 58; Road-650 Red, 48; AWC Logo Cap; Sport-100 Helmet, Red; Road-450 Red, 58; LL Road Frame - Red, 60",7793.1108,747.1011,233.4691,8773.681,SuperiorCard,aw_contract_SO43677.pdf,d:\CUAD\cuad\CUAD_v1\aw_contracts\aw_contract_SO43677.pdf
20,AWC-SO43678-020,43678,SO43678,PO10817150168,"Adventure Works Cycles, Inc.",Separate Parts Corporation,29889,AW00029889,Monrovia,California,United States,Southwest,"May 31, 2011","June 12, 2011","June 07, 2011","June 11, 2012",State of Texas,CARGO TRANSPORT 5,FBD8-4CE4-8B,Bikes; Components; Clothing; Accessories,Road Bikes; Road Frames; Caps; Helmets; Jerseys,19,"Road-650 Red, 60; LL Road Frame - Black, 52; Road-650 Black, 58; ML Road Frame - Red, 48; Road-650 Red, 44; Road-650 Red, 62; AWC Logo Cap; Sport-100 Helmet, Black; LL Road Frame - Red, 60; Road-450 Red, 44; LL Road Frame - Red, 44; Long-Sleeve Logo Jersey, XL; Road-650 Black, 52; Road-450 Red, 52; Long-Sleeve Logo Jersey, L; Road-450 Red, 58; Road-450 Red, 60; Sport-100 Helmet, Blue; Sport-100 Helmet, Red",9799.9243,942.074,294.3981,11036.3964,Vista,aw_contract_SO43678.pdf,d:\CUAD\cuad\CUAD_v1\aw_contracts\aw_contract_SO43678.pdf
21,AWC-SO43679-021,43679,SO43679,PO10527142759,"Adventure Works Cycles, Inc.",General Bike Corporation,29761,AW00029761,Mississauga,Ontario,Canada,Canada,"May 31, 2011","June 12, 2011","June 07, 2011","June 11, 2012",State of Georgia,CARGO TRANSPORT 5,918F-49F3-AD,Bikes; Clothing,Road Bikes; Jerseys,3,"Road-650 Red, 60; Road-650 Black, 52; Long-Sleeve Logo Jersey, L",1316.0575,125.8032,39.3135,1481.1742,SuperiorCard,aw_contract_SO43679.pdf,d:\CUAD\cuad\CUAD_v1\aw_contracts\aw_contract_SO43679.pdf
22,AWC-SO43680-022,43680,SO43680,PO10730130087,"Adventure Works Cycles, Inc.",Area Bike Accessories,29489,AW00029489,Modesto,California,United States,Southwest,"May 31, 2011","June 12, 2011","June 07, 2011","June 11, 2012",State of Arizona,CARGO TRANSPORT 5,FF1F-4DD0-98,Bikes; Components; Accessories; Clothing,Road Bikes; Road Frames; Helmets; Jerseys,12,"Road-650 Red, 60; Road-450 Red, 44; LL Road Frame - Black, 52; Sport-100 Helmet, Red; LL Road Frame - Red, 60; Sport-100 Helmet, Blue; Long-Sleeve Logo Jersey, L; LL Road Frame - Red, 44; Road-450 Red, 52; Road-650 Red, 62; Road-150 Red, 56; Sport-100 Helmet, Black",11397.4992,1093.6394,341.7623,12832.9009,Distinguish,aw_contract_SO43680.pdf,d:\CUAD\cuad\CUAD_v1\aw_contracts\aw_contract_SO43680.pdf
