"BusinessEntityID","NationalIDNumber","LoginID","OrganizationNode","OrganizationLevel","JobTitle","BirthDate","MaritalStatus","Gender","HireDate","SalariedFlag","VacationHours","SickLeaveHours","CurrentFlag","rowguid","ModifiedDate"
"1","295847284","adventure-works\ken0","","","Chief Executive Officer","1/29/1969 12:00:00 AM","S","M","1/14/2009 12:00:00 AM","True","99","69","True","f01251e5-96a3-448d-981e-0f99d789110d","6/30/2014 12:00:00 AM"
"2","245797967","adventure-works\terri0","/1/","1","Vice President of Engineering","8/1/1971 12:00:00 AM","S","F","1/31/2008 12:00:00 AM","True","1","20","True","45e8f437-670d-4409-93cb-f9424a40d6ee","6/30/2014 12:00:00 AM"
"3","509647174","adventure-works\roberto0","/1/1/","2","Engineering Manager","11/12/1974 12:00:00 AM","M","M","11/11/2007 12:00:00 AM","True","2","21","True","9bbbfb2c-efbb-4217-9ab7-f97689328841","6/30/2014 12:00:00 AM"
"4","112457891","adventure-works\rob0","/1/1/1/","3","Senior Tool Designer","12/23/1974 12:00:00 AM","S","M","12/5/2007 12:00:00 AM","False","48","80","True","59747955-87b8-443f-8ed4-f8ad3afdf3a9","6/30/2014 12:00:00 AM"
"5","695256908","adventure-works\gail0","/1/1/2/","3","Design Engineer","9/27/1952 12:00:00 AM","M","F","1/6/2008 12:00:00 AM","True","5","22","True","ec84ae09-f9b8-4a15-b4a9-6ccbab919b08","6/30/2014 12:00:00 AM"
"6","998320692","adventure-works\jossef0","/1/1/3/","3","Design Engineer","3/11/1959 12:00:00 AM","M","M","1/24/2008 12:00:00 AM","True","6","23","True","e39056f1-9cd5-478d-8945-14aca7fbdcdd","6/30/2014 12:00:00 AM"
"7","134969118","adventure-works\dylan0","/1/1/4/","3","Research and Development Manager","2/24/1987 12:00:00 AM","M","M","2/8/2009 12:00:00 AM","True","61","50","True","4f46deca-ef01-41fd-9829-0adab368e431","6/30/2014 12:00:00 AM"
"8","811994146","adventure-works\diane1","/1/1/4/1/","4","Research and Development Engineer","6/5/1986 12:00:00 AM","S","F","12/29/2008 12:00:00 AM","True","62","51","True","31112635-663b-4018-b4a2-a685c0bf48a4","6/30/2014 12:00:00 AM"
"9","658797903","adventure-works\gigi0","/1/1/4/2/","4","Research and Development Engineer","1/21/1979 12:00:00 AM","M","F","1/16/2009 12:00:00 AM","True","63","51","True","50b6cdc6-7570-47ef-9570-48a64b5f2ecf","6/30/2014 12:00:00 AM"
"10","879342154","adventure-works\michael6","/1/1/4/3/","4","Research and Development Manager","11/30/1984 12:00:00 AM","M","M","5/3/2009 12:00:00 AM","True","16","64","True","eaa43680-5571-40cb-ab1a-3bf68f04459e","6/30/2014 12:00:00 AM"
"11","974026903","adventure-works\ovidiu0","/1/1/5/","3","Senior Tool Designer","1/17/1978 12:00:00 AM","S","M","12/5/2010 12:00:00 AM","False","7","23","True","f68c7c19-fac1-438c-9bb7-ac33fcc341c3","6/30/2014 12:00:00 AM"
"12","480168528","adventure-works\thierry0","/1/1/5/1/","4","Tool Designer","7/29/1959 12:00:00 AM","M","M","12/11/2007 12:00:00 AM","False","9","24","True","1d955171-e773-4fad-8382-40fd898d5d4d","6/30/2014 12:00:00 AM"
"13","486228782","adventure-works\janice0","/1/1/5/2/","4","Tool Designer","5/28/1989 12:00:00 AM","M","F","12/23/2010 12:00:00 AM","False","8","24","True","954b91b6-5aa7-48c2-8685-6e11c6e5c49a","6/30/2014 12:00:00 AM"
"14","42487730","adventure-works\michael8","/1/1/6/","3","Senior Design Engineer","6/16/1979 12:00:00 AM","S","M","12/30/2010 12:00:00 AM","True","3","21","True","46286ca4-46dd-4ddb-9128-85b67e98d1a9","6/30/2014 12:00:00 AM"
"15","56920285","adventure-works\sharon0","/1/1/7/","3","Design Engineer","5/2/1961 12:00:00 AM","M","F","1/18/2011 12:00:00 AM","True","4","22","True","54f2fdc0-87c4-4065-a7a8-9ac8ea624235","6/30/2014 12:00:00 AM"
"16","24756624","adventure-works\david0","/2/","1","Marketing Manager","3/19/1975 12:00:00 AM","S","M","12/20/2007 12:00:00 AM","True","40","40","True","e87029aa-2cba-4c03-b948-d83af0313e28","6/30/2014 12:00:00 AM"
"17","253022876","adventure-works\kevin0","/2/1/","2","Marketing Assistant","5/3/1987 12:00:00 AM","S","M","1/26/2007 12:00:00 AM","False","42","41","True","1b480240-95c0-410f-a717-eb29943c8886","6/30/2014 12:00:00 AM"
"18","222969461","adventure-works\john5","/2/2/","2","Marketing Specialist","3/6/1978 12:00:00 AM","S","M","2/7/2011 12:00:00 AM","False","48","44","True","64730415-1f58-4e5b-8fa8-5e4daeba53b4","6/30/2014 12:00:00 AM"
"19","52541318","adventure-works\mary2","/2/3/","2","Marketing Assistant","1/29/1978 12:00:00 AM","S","F","2/14/2011 12:00:00 AM","False","43","41","True","1f6da901-c7f7-48a8-8eef-d81868d72b52","6/30/2014 12:00:00 AM"
"20","323403273","adventure-works\wanida0","/2/4/","2","Marketing Assistant","3/17/1975 12:00:00 AM","M","F","1/7/2011 12:00:00 AM","False","41","40","True","43cca446-da1c-454c-8530-873ad2923e1b","6/30/2014 12:00:00 AM"
"21","243322160","adventure-works\terry0","/2/5/","2","Marketing Specialist","2/4/1986 12:00:00 AM","M","M","3/2/2009 12:00:00 AM","False","44","42","True","ad0d7626-4506-45c4-898f-9d7a0e13aabd","6/30/2014 12:00:00 AM"
"22","95958330","adventure-works\sariya0","/2/6/","2","Marketing Specialist","5/21/1987 12:00:00 AM","S","M","12/12/2008 12:00:00 AM","False","45","42","True","af21f1b7-0691-48ad-b325-b8f2d7b2268a","6/30/2014 12:00:00 AM"
"23","767955365","adventure-works\mary0","/2/7/","2","Marketing Specialist","9/13/1962 12:00:00 AM","M","F","1/12/2009 12:00:00 AM","False","46","43","True","90899830-127e-4876-85ca-7f6e03025281","6/30/2014 12:00:00 AM"
"24","72636981","adventure-works\jill0","/2/8/","2","Marketing Specialist","6/18/1979 12:00:00 AM","M","F","1/18/2009 12:00:00 AM","False","47","43","True","53575c58-fba1-4c1a-b8ff-95e050b44393","6/30/2014 12:00:00 AM"
"25","519899904","adventure-works\james1","/3/","1","Vice President of Production","1/7/1983 12:00:00 AM","S","M","2/3/2009 12:00:00 AM","True","64","52","True","d7314f24-2af1-429c-9bbb-4038f45f3e6c","6/30/2014 12:00:00 AM"
"26","277173473","adventure-works\peter0","/3/1/","2","Production Control Manager","11/3/1982 12:00:00 AM","M","M","12/1/2008 12:00:00 AM","True","43","41","True","69d5d162-e817-45e7-9dec-5d9b8310e7b1","12/26/2014 9:17:08 AM"
"27","446466105","adventure-works\jo0","/3/1/1/","3","Production Supervisor - WC60","10/8/1956 12:00:00 AM","S","F","2/27/2008 12:00:00 AM","False","80","60","True","83ffaac6-b895-481f-b897-14f965d4da47","6/30/2014 12:00:00 AM"
"28","14417807","adventure-works\guy1","/3/1/1/1/","4","Production Technician - WC60","3/13/1988 12:00:00 AM","M","M","6/30/2006 12:00:00 AM","False","21","30","True","aae1d04a-c237-4974-b4d5-935247737718","6/30/2014 12:00:00 AM"
"29","948320468","adventure-works\mark1","/3/1/1/2/","4","Production Technician - WC60","9/25/1979 12:00:00 AM","S","M","1/23/2009 12:00:00 AM","False","19","29","True","cdb2c6df-93e5-4558-91c8-424d5e7c658b","6/30/2014 12:00:00 AM"
"30","410742000","adventure-works\britta0","/3/1/1/3/","4","Production Technician - WC60","9/28/1989 12:00:00 AM","M","F","1/29/2009 12:00:00 AM","False","14","27","True","fc12677f-42f8-4790-ad69-685088ed7e5f","6/30/2014 12:00:00 AM"
"31","750246141","adventure-works\margie0","/3/1/1/4/","4","Production Technician - WC60","5/20/1986 12:00:00 AM","M","F","1/4/2009 12:00:00 AM","False","18","29","True","352d6e2f-655b-49a2-9fec-efd7d8cd0d30","6/30/2014 12:00:00 AM"
"32","330211482","adventure-works\rebecca0","/3/1/1/5/","4","Production Technician - WC60","7/10/1977 12:00:00 AM","M","F","12/29/2008 12:00:00 AM","False","23","31","True","bdadeb5c-a596-4da1-88ba-842c7a0cc10f","6/30/2014 12:00:00 AM"
"33","801758002","adventure-works\annik0","/3/1/1/6/","4","Production Technician - WC60","12/26/1976 12:00:00 AM","M","M","12/17/2008 12:00:00 AM","False","17","28","True","51fde6ac-bd50-467c-90e5-10ca7310455c","6/30/2014 12:00:00 AM"
"34","754372876","adventure-works\suchitra0","/3/1/1/7/","4","Production Technician - WC60","6/10/1987 12:00:00 AM","M","F","2/16/2009 12:00:00 AM","False","15","27","True","6adbd932-0da5-4f5c-af67-8e3a53630896","6/30/2014 12:00:00 AM"
"35","999440576","adventure-works\brandon0","/3/1/1/8/","4","Production Technician - WC60","1/10/1977 12:00:00 AM","M","M","2/8/2009 12:00:00 AM","False","22","31","True","ca5d1935-44e2-4c45-93bb-809e59f56796","6/30/2014 12:00:00 AM"
"36","788456780","adventure-works\jose0","/3/1/1/9/","4","Production Technician - WC60","7/31/1984 12:00:00 AM","M","M","2/10/2009 12:00:00 AM","False","20","30","True","9e912556-88ba-41ee-b946-cb84ab4c1102","6/30/2014 12:00:00 AM"
"37","442121106","adventure-works\chris2","/3/1/1/10/","4","Production Technician - WC60","8/7/1986 12:00:00 AM","S","M","3/7/2009 12:00:00 AM","False","16","28","True","77b384c7-affb-4816-992b-f5b3034ee4ff","6/30/2014 12:00:00 AM"
"38","6298838","adventure-works\kim1","/3/1/1/11/","4","Production Technician - WC60","12/14/1966 12:00:00 AM","M","F","1/16/2010 12:00:00 AM","False","24","32","True","891c27f4-28cc-44bb-bea3-da5ea7fbe957","6/30/2014 12:00:00 AM"
"39","461786517","adventure-works\ed0","/3/1/1/12/","4","Production Technician - WC60","9/11/1971 12:00:00 AM","S","M","2/5/2010 12:00:00 AM","False","25","32","True","8ef22fb3-af37-4b44-8862-d60a7cb09d82","6/30/2014 12:00:00 AM"
"40","309738752","adventure-works\jolynn0","/3/1/2/","3","Production Supervisor - WC60","1/16/1956 12:00:00 AM","S","F","12/26/2007 12:00:00 AM","False","82","61","True","2cc71b96-f421-485e-9832-8723337749bb","6/30/2014 12:00:00 AM"
"41","458159238","adventure-works\bryan0","/3/1/2/1/","4","Production Technician - WC60","8/27/1973 12:00:00 AM","S","M","1/21/2009 12:00:00 AM","False","35","37","True","4652d4e4-6a27-47ed-9f51-c377e293da28","6/30/2014 12:00:00 AM"
"42","339712426","adventure-works\james0","/3/1/2/2/","4","Production Technician - WC60","7/25/1984 12:00:00 AM","M","M","12/27/2008 12:00:00 AM","False","39","39","True","82e52d5a-165b-4c6d-9773-c3a6b6332ecd","6/30/2014 12:00:00 AM"
"43","693325305","adventure-works\nancy0","/3/1/2/3/","4","Production Technician - WC60","11/19/1988 12:00:00 AM","M","F","1/2/2009 12:00:00 AM","False","34","37","True","6b7eb306-9a00-496a-98a9-4e94fe72f77c","6/30/2014 12:00:00 AM"
"44","276751903","adventure-works\simon0","/3/1/2/4/","4","Production Technician - WC60","5/17/1990 12:00:00 AM","S","M","12/8/2008 12:00:00 AM","False","38","39","True","f734d38a-56b5-471e-8ded-a682e958a9b3","6/30/2014 12:00:00 AM"
"45","500412746","adventure-works\thomas0","/3/1/2/5/","4","Production Technician - WC60","1/10/1986 12:00:00 AM","M","M","2/26/2009 12:00:00 AM","False","37","38","True","8ff3af67-32f2-4a08-98c3-a40f842d41a3","6/30/2014 12:00:00 AM"
"46","66073987","adventure-works\eugene1","/3/1/2/6/","4","Production Technician - WC60","2/10/1976 12:00:00 AM","S","M","2/8/2009 12:00:00 AM","False","36","38","True","33543b35-77da-4600-a41b-1eafea0ad643","6/30/2014 12:00:00 AM"
"47","33237992","adventure-works\andrew0","/3/1/3/","3","Production Supervisor - WC10","9/6/1988 12:00:00 AM","S","M","2/22/2009 12:00:00 AM","False","65","52","True","08365b05-c143-4260-a93c-6b69418b1946","6/30/2014 12:00:00 AM"
"48","690627818","adventure-works\ruth0","/3/1/3/1/","4","Production Technician - WC10","6/4/1956 12:00:00 AM","M","F","1/6/2008 12:00:00 AM","False","83","61","True","3e3b6905-209e-442e-b8a8-9a0980241c6a","6/30/2014 12:00:00 AM"
"49","912265825","adventure-works\barry0","/3/1/3/2/","4","Production Technician - WC10","3/26/1956 12:00:00 AM","S","M","1/7/2008 12:00:00 AM","False","88","64","True","756a60ae-378f-43d8-9f93-1e821d1eaf52","6/30/2014 12:00:00 AM"
"50","844973625","adventure-works\sidney0","/3/1/3/3/","4","Production Technician - WC10","8/30/1956 12:00:00 AM","M","M","2/2/2008 12:00:00 AM","False","84","62","True","40d603d9-7f99-48b7-a580-b17cf429bed2","6/30/2014 12:00:00 AM"
"51","132674823","adventure-works\jeffrey0","/3/1/3/4/","4","Production Technician - WC10","7/11/1956 12:00:00 AM","S","M","2/20/2008 12:00:00 AM","False","85","62","True","6e086f41-b81d-4bdc-9f13-0eec488dc43e","6/30/2014 12:00:00 AM"
"52","565090917","adventure-works\doris0","/3/1/3/5/","4","Production Technician - WC10","4/4/1956 12:00:00 AM","M","F","3/10/2008 12:00:00 AM","False","86","63","True","692b8826-03b4-4c3b-82fc-1fc6f1409689","6/30/2014 12:00:00 AM"
"53","9659517","adventure-works\diane0","/3/1/3/6/","4","Production Technician - WC10","3/29/1956 12:00:00 AM","M","F","3/28/2008 12:00:00 AM","False","87","63","True","c334b2d2-0c56-4906-9095-f1d07a98cbec","6/30/2014 12:00:00 AM"
"54","109272464","adventure-works\bonnie0","/3/1/3/7/","4","Production Technician - WC10","9/10/1986 12:00:00 AM","M","F","1/1/2010 12:00:00 AM","False","89","64","True","e950a52a-df61-4fec-9063-545664d65b89","6/30/2014 12:00:00 AM"
"55","233069302","adventure-works\taylor0","/3/1/4/","3","Production Supervisor - WC50","4/1/1956 12:00:00 AM","M","M","2/8/2008 12:00:00 AM","False","79","59","True","28f7ef89-2793-4989-b67d-25046543c1e3","6/30/2014 12:00:00 AM"
"56","652535724","adventure-works\denise0","/3/1/4/1/","4","Production Technician - WC50","7/6/1988 12:00:00 AM","M","F","2/5/2009 12:00:00 AM","False","9","24","True","77878c43-f16e-437d-892f-3cfcc0715a0a","6/30/2014 12:00:00 AM"
"57","10708100","adventure-works\frank1","/3/1/4/2/","4","Production Technician - WC50","7/24/1971 12:00:00 AM","S","M","2/23/2009 12:00:00 AM","False","10","25","True","b395cd84-77ba-4d3c-a49d-d9e8d6cf100b","6/30/2014 12:00:00 AM"
"58","571658797","adventure-works\kendall0","/3/1/4/3/","4","Production Technician - WC50","5/30/1986 12:00:00 AM","M","M","12/5/2008 12:00:00 AM","False","11","25","True","65207627-5521-4a8e-ad3c-b2f1b5226b85","6/30/2014 12:00:00 AM"
"59","843479922","adventure-works\bob0","/3/1/4/4/","4","Production Technician - WC50","8/16/1979 12:00:00 AM","S","M","12/24/2008 12:00:00 AM","False","12","26","True","68616aea-81e5-4940-a7e4-6fba882bccf6","6/30/2014 12:00:00 AM"
"60","827686041","adventure-works\pete0","/3/1/4/5/","4","Production Technician - WC50","2/3/1977 12:00:00 AM","S","M","1/11/2009 12:00:00 AM","False","13","26","True","1f1d813d-3edc-4274-8e9b-4519d71685b6","6/30/2014 12:00:00 AM"
"61","92096924","adventure-works\diane2","/3/1/4/6/","4","Production Technician - WC50","8/9/1989 12:00:00 AM","S","F","1/18/2009 12:00:00 AM","False","8","24","True","721a2921-c415-46de-9111-13f25f428b8b","6/30/2014 12:00:00 AM"
"62","494170342","adventure-works\john0","/3/1/5/","3","Production Supervisor - WC60","8/7/1956 12:00:00 AM","M","M","3/17/2008 12:00:00 AM","False","81","60","True","d4ed1f78-7c28-479b-bfef-a73228ba2aaa","6/30/2014 12:00:00 AM"
"63","414476027","adventure-works\maciej0","/3/1/5/1/","4","Production Technician - WC60","1/30/1955 12:00:00 AM","S","M","1/29/2010 12:00:00 AM","False","30","35","True","3229d93f-6a14-4bac-abc5-a91b9ecfb4d3","6/30/2014 12:00:00 AM"
"64","582347317","adventure-works\michael7","/3/1/5/2/","4","Production Technician - WC60","9/5/1973 12:00:00 AM","S","M","2/23/2010 12:00:00 AM","False","26","33","True","492b24bd-bde9-4371-b96e-ccd72264b91f","6/30/2014 12:00:00 AM"
"65","8066363","adventure-works\randy0","/3/1/5/3/","4","Production Technician - WC60","4/28/1970 12:00:00 AM","M","M","2/23/2010 12:00:00 AM","False","29","34","True","9a08108d-e039-4862-8f93-55f18017ad72","6/30/2014 12:00:00 AM"
"66","834186596","adventure-works\karan0","/3/1/5/4/","4","Production Technician - WC60","3/7/1970 12:00:00 AM","S","M","12/22/2009 12:00:00 AM","False","28","34","True","08b1ba74-dd80-4fda-8327-93268b84977b","6/30/2014 12:00:00 AM"
"67","63179277","adventure-works\jay0","/3/1/5/5/","4","Production Technician - WC60","2/11/1976 12:00:00 AM","S","M","3/5/2009 12:00:00 AM","False","32","36","True","18187809-5294-474f-85a1-d5be6bd518d6","6/30/2014 12:00:00 AM"
"68","537092325","adventure-works\charles0","/3/1/5/6/","4","Production Technician - WC60","9/2/1971 12:00:00 AM","S","M","12/3/2009 12:00:00 AM","False","27","33","True","cdc11292-df74-4fb0-8676-5b2aa4687142","6/30/2014 12:00:00 AM"
"69","752513276","adventure-works\steve0","/3/1/5/7/","4","Production Technician - WC60","4/6/1991 12:00:00 AM","S","M","2/15/2009 12:00:00 AM","False","31","35","True","12f678d7-ead3-4cf4-8518-a19aacf2a6d4","6/30/2014 12:00:00 AM"
"70","36151748","adventure-works\david2","/3/1/5/8/","4","Production Technician - WC60","12/29/1984 12:00:00 AM","M","M","12/15/2008 12:00:00 AM","False","33","36","True","fc617bb8-d2a3-4374-873c-8ef38d80127d","6/30/2014 12:00:00 AM"
"71","578935259","adventure-works\michael3","/3/1/6/","3","Production Supervisor - WC30","1/29/1989 12:00:00 AM","S","M","2/15/2009 12:00:00 AM","False","70","55","True","1ad772d7-7b4a-4a7b-8676-49dd7608cb94","6/30/2014 12:00:00 AM"
"72","443968955","adventure-works\steven0","/3/1/6/1/","4","Production Technician - WC30","5/14/1977 12:00:00 AM","M","M","12/1/2008 12:00:00 AM","False","41","40","True","0a8937c9-68aa-4d48-ba4e-b40493d764aa","6/30/2014 12:00:00 AM"
"73","138280935","adventure-works\carole0","/3/1/6/2/","4","Production Technician - WC30","10/19/1983 12:00:00 AM","M","F","12/19/2008 12:00:00 AM","False","42","41","True","c76a41f1-a390-4ae4-a82a-2a87764c6391","6/30/2014 12:00:00 AM"
"74","420023788","adventure-works\bjorn0","/3/1/6/3/","4","Production Technician - WC30","11/6/1989 12:00:00 AM","S","M","1/7/2009 12:00:00 AM","False","43","41","True","a942e1e0-2d5e-4858-97c0-947020e96860","6/30/2014 12:00:00 AM"
"75","363996959","adventure-works\michiko0","/3/1/6/4/","4","Production Technician - WC30","6/27/1982 12:00:00 AM","S","M","1/26/2009 12:00:00 AM","False","44","42","True","f359f5b6-5e18-4c62-8531-14d951911ce5","6/30/2014 12:00:00 AM"
"76","227319668","adventure-works\carol0","/3/1/6/5/","4","Production Technician - WC30","10/17/1988 12:00:00 AM","M","F","2/12/2009 12:00:00 AM","False","45","42","True","8d0182a3-5b59-4eea-9b3c-c7f05da9a2ce","6/30/2014 12:00:00 AM"
"77","301435199","adventure-works\merav0","/3/1/6/6/","4","Production Technician - WC30","5/13/1983 12:00:00 AM","M","F","3/3/2009 12:00:00 AM","False","46","43","True","2ee7914a-62d3-473b-a0e1-e4e55341ec4e","6/30/2014 12:00:00 AM"
"78","370989364","adventure-works\reuben0","/3/1/7/","3","Production Supervisor - WC40","8/27/1987 12:00:00 AM","M","M","12/15/2008 12:00:00 AM","False","72","56","True","71eee2a6-b9b3-4bf4-8949-01239df7c901","6/30/2014 12:00:00 AM"
"79","697712387","adventure-works\eric1","/3/1/7/1/","4","Production Technician - WC40","12/8/1966 12:00:00 AM","M","M","1/24/2010 12:00:00 AM","False","60","50","True","55f62e38-9457-46c8-a824-e46a3117a935","6/30/2014 12:00:00 AM"
"80","943170460","adventure-works\sandeep0","/3/1/7/2/","4","Production Technician - WC40","12/3/1970 12:00:00 AM","S","M","1/17/2010 12:00:00 AM","False","65","52","True","606c21e2-3ec0-48a6-a9fe-6bc8123ac786","6/30/2014 12:00:00 AM"
"81","413787783","adventure-works\mihail0","/3/1/7/3/","4","Production Technician - WC40","3/9/1971 12:00:00 AM","S","M","12/29/2009 12:00:00 AM","False","64","52","True","03a9ba14-0d5b-4671-b851-2c1721efbf01","6/30/2014 12:00:00 AM"
"82","58791499","adventure-works\jack1","/3/1/7/4/","4","Production Technician - WC40","8/29/1973 12:00:00 AM","S","M","3/3/2010 12:00:00 AM","False","62","51","True","d308d387-f7f3-4b5f-abda-faf5574245cd","6/30/2014 12:00:00 AM"
"83","988315686","adventure-works\patrick1","/3/1/7/5/","4","Production Technician - WC40","12/23/1973 12:00:00 AM","M","M","2/12/2010 12:00:00 AM","False","61","50","True","296c52ae-169f-4292-975d-c508476dcecf","6/30/2014 12:00:00 AM"
"84","947029962","adventure-works\frank3","/3/1/7/6/","4","Production Technician - WC40","3/2/1952 12:00:00 AM","M","M","2/5/2010 12:00:00 AM","False","66","53","True","9af24acc-ea3e-4efe-b5e3-4762c496d57c","6/30/2014 12:00:00 AM"
"85","1662732","adventure-works\brian2","/3/1/7/7/","4","Production Technician - WC40","12/23/1970 12:00:00 AM","S","M","12/11/2009 12:00:00 AM","False","63","51","True","c294f676-caaf-4924-9730-bc81ae408be1","6/30/2014 12:00:00 AM"
"86","769680433","adventure-works\ryan0","/3/1/7/8/","4","Production Technician - WC40","6/13/1972 12:00:00 AM","M","M","1/5/2009 12:00:00 AM","False","59","49","True","10e5bd6f-2b9c-4192-a94d-6a2d50ea1adb","6/30/2014 12:00:00 AM"
"87","7201901","adventure-works\cristian0","/3/1/8/","3","Production Supervisor - WC10","4/11/1984 12:00:00 AM","M","M","12/22/2008 12:00:00 AM","False","67","53","True","5be16416-8570-417d-9e54-047db468b5e9","6/30/2014 12:00:00 AM"
"88","294148271","adventure-works\betsy0","/3/1/8/1/","4","Production Technician - WC10","12/17/1966 12:00:00 AM","S","F","12/18/2009 12:00:00 AM","False","99","69","True","ebcdba1c-6c1d-4d36-90f7-1893755c85e3","6/30/2014 12:00:00 AM"
"89","90888098","adventure-works\patrick0","/3/1/8/2/","4","Production Technician - WC10","9/10/1986 12:00:00 AM","S","M","2/1/2010 12:00:00 AM","False","96","68","True","d5fbe9e6-b8c5-484c-b4b8-48059e0ef267","6/30/2014 12:00:00 AM"
"90","82638150","adventure-works\danielle0","/3/1/8/3/","4","Production Technician - WC10","9/7/1986 12:00:00 AM","S","F","2/20/2010 12:00:00 AM","False","97","68","True","bb886159-1400-4264-b7c9-a3769beb1274","6/30/2014 12:00:00 AM"
"91","390124815","adventure-works\kimberly0","/3/1/8/4/","4","Production Technician - WC10","9/13/1986 12:00:00 AM","S","F","1/12/2010 12:00:00 AM","False","95","67","True","ce256b6c-1eee-43ed-9969-7cac480ff4d7","6/30/2014 12:00:00 AM"
"92","826454897","adventure-works\tom0","/3/1/8/5/","4","Production Technician - WC10","10/1/1986 12:00:00 AM","M","M","3/10/2010 12:00:00 AM","False","98","69","True","b3bf7fc5-2014-48ce-b7bb-76124fa8446c","6/30/2014 12:00:00 AM"
"93","778552911","adventure-works\kok-ho0","/3/1/9/","3","Production Supervisor - WC50","4/28/1980 12:00:00 AM","S","M","12/27/2008 12:00:00 AM","False","78","59","True","57fb2c0f-b105-49f0-967a-88f3d743cb3f","6/30/2014 12:00:00 AM"
"94","718299860","adventure-works\russell0","/3/1/9/1/","4","Production Technician - WC50","11/25/1972 12:00:00 AM","M","M","12/12/2008 12:00:00 AM","False","6","23","True","6b10192f-d570-47c4-82c9-3d979b1efdc1","6/30/2014 12:00:00 AM"
"95","674171828","adventure-works\jim0","/3/1/9/2/","4","Production Technician - WC50","9/8/1986 12:00:00 AM","M","M","12/19/2008 12:00:00 AM","False","1","20","True","6175876e-8fcc-4917-be06-fc358515e6df","6/30/2014 12:00:00 AM"
"96","912141525","adventure-works\elizabeth0","/3/1/9/3/","4","Production Technician - WC50","1/25/1990 12:00:00 AM","M","F","3/2/2009 12:00:00 AM","False","5","22","True","62a9f73f-6443-4f2f-b864-18186614bfb6","6/30/2014 12:00:00 AM"
"97","370581729","adventure-works\mandar0","/3/1/9/4/","4","Production Technician - WC50","3/21/1986 12:00:00 AM","S","M","2/10/2009 12:00:00 AM","False","0","20","True","1f0e068a-48c5-40bf-8190-565150efdadd","6/30/2014 12:00:00 AM"
"98","152085091","adventure-works\sameer0","/3/1/9/5/","4","Production Technician - WC50","6/26/1978 12:00:00 AM","M","M","2/11/2009 12:00:00 AM","False","4","22","True","a703169f-1563-488e-914d-d784fd07f29a","6/30/2014 12:00:00 AM"
"99","431859843","adventure-works\nuan0","/3/1/9/6/","4","Production Technician - WC50","3/29/1979 12:00:00 AM","S","M","1/6/2009 12:00:00 AM","False","2","21","True","a6089357-2f2f-48cc-ab3c-d9b75a3c09d7","6/30/2014 12:00:00 AM"
"100","204035155","adventure-works\lolan0","/3/1/9/7/","4","Production Technician - WC50","1/24/1973 12:00:00 AM","M","M","1/12/2009 12:00:00 AM","False","7","23","True","9b9b768d-7cc1-4dce-87cb-765ab73a6aff","6/30/2014 12:00:00 AM"
"101","153288994","adventure-works\houman0","/3/1/9/8/","4","Production Technician - WC50","8/30/1971 12:00:00 AM","M","M","1/25/2009 12:00:00 AM","False","3","21","True","9ce8b2e8-9944-4ba5-97de-441d8314f161","6/30/2014 12:00:00 AM"
"102","360868122","adventure-works\zheng0","/3/1/10/","3","Production Supervisor - WC10","10/26/1983 12:00:00 AM","S","M","12/3/2008 12:00:00 AM","False","66","53","True","c75f2740-ace3-4ebf-91c5-7ab352e1095f","6/30/2014 12:00:00 AM"
"103","455563743","adventure-works\ebru0","/3/1/10/1/","4","Production Technician - WC10","9/22/1986 12:00:00 AM","S","M","12/6/2009 12:00:00 AM","False","93","66","True","6c25a32b-88b5-4f84-a129-f7f688dfa588","6/30/2014 12:00:00 AM"
"104","717889520","adventure-works\mary1","/3/1/10/2/","4","Production Technician - WC10","9/19/1986 12:00:00 AM","M","F","12/25/2009 12:00:00 AM","False","94","67","True","6dc9f7d0-5664-4e4a-90f5-7ab85ebb02e6","6/30/2014 12:00:00 AM"
"105","801365500","adventure-works\kevin2","/3/1/10/3/","4","Production Technician - WC10","9/19/1986 12:00:00 AM","S","M","12/25/2009 12:00:00 AM","False","90","65","True","8b21e53d-e705-479a-b32e-6e63ac2f4bcd","6/30/2014 12:00:00 AM"
"106","561196580","adventure-works\john4","/3/1/10/4/","4","Production Technician - WC10","9/28/1986 12:00:00 AM","S","M","2/27/2010 12:00:00 AM","False","92","66","True","d4cf23d9-21b6-45e4-827c-22890df0373b","6/30/2014 12:00:00 AM"
"107","393421437","adventure-works\christopher0","/3/1/10/5/","4","Production Technician - WC10","10/1/1986 12:00:00 AM","M","M","2/8/2010 12:00:00 AM","False","91","65","True","f71c6055-557b-4660-86ff-8c0fa14b24e6","6/30/2014 12:00:00 AM"
"108","630184120","adventure-works\jinghao0","/3/1/11/","3","Production Supervisor - WC50","2/5/1989 12:00:00 AM","S","M","12/8/2008 12:00:00 AM","False","77","58","True","2bca07d3-f2ac-4406-904f-e09156f3eb3e","6/30/2014 12:00:00 AM"
"109","113695504","adventure-works\alice0","/3/1/11/1/","4","Production Technician - WC50","1/26/1978 12:00:00 AM","M","F","12/7/2008 12:00:00 AM","False","95","67","True","7e632b21-0d11-4bba-8a68-8cae14c20ae6","6/30/2014 12:00:00 AM"
"110","857651804","adventure-works\jun0","/3/1/11/2/","4","Production Technician - WC50","7/6/1979 12:00:00 AM","S","M","12/14/2008 12:00:00 AM","False","90","65","True","9c5f84d1-fb96-4d82-92a1-f932903deaad","6/30/2014 12:00:00 AM"
"111","415823523","adventure-works\suroor0","/3/1/11/3/","4","Production Technician - WC50","2/25/1978 12:00:00 AM","S","M","12/17/2008 12:00:00 AM","False","93","66","True","14010b0e-c101-4e41-b788-21923399e512","6/30/2014 12:00:00 AM"
"112","981597097","adventure-works\john1","/3/1/11/4/","4","Production Technician - WC50","5/31/1978 12:00:00 AM","S","M","1/1/2009 12:00:00 AM","False","91","65","True","b6998410-ee0f-4307-9e6e-fe348f11012d","6/30/2014 12:00:00 AM"
"113","54759846","adventure-works\linda0","/3/1/11/5/","4","Production Technician - WC50","7/17/1987 12:00:00 AM","M","F","12/25/2008 12:00:00 AM","False","96","68","True","fb84759c-b687-43b2-8727-125efe0f5e13","6/30/2014 12:00:00 AM"
"114","342607223","adventure-works\mindaugas0","/3/1/11/6/","4","Production Technician - WC50","5/7/1978 12:00:00 AM","M","M","1/13/2009 12:00:00 AM","False","97","68","True","1d784088-dacb-4185-9f60-3d2db4925ba5","6/30/2014 12:00:00 AM"
"115","563680513","adventure-works\angela0","/3/1/11/7/","4","Production Technician - WC50","5/31/1991 12:00:00 AM","S","F","1/20/2009 12:00:00 AM","False","92","66","True","4958e1c3-c872-4222-954e-09d2060ea7ef","6/30/2014 12:00:00 AM"
"116","398737566","adventure-works\michael2","/3/1/11/8/","4","Production Technician - WC50","5/3/1974 12:00:00 AM","S","M","1/31/2009 12:00:00 AM","False","98","69","True","c6eb2566-cf28-4602-9a25-5b91c8728838","6/30/2014 12:00:00 AM"
"117","599942664","adventure-works\chad0","/3/1/11/9/","4","Production Technician - WC50","8/4/1990 12:00:00 AM","M","M","2/18/2009 12:00:00 AM","False","99","69","True","83a32d4c-4725-478f-9997-91739bb957ba","6/30/2014 12:00:00 AM"
"118","222400012","adventure-works\don0","/3/1/11/10/","4","Production Technician - WC50","6/13/1971 12:00:00 AM","M","M","2/13/2009 12:00:00 AM","False","88","64","True","e720053d-922e-4c91-b81a-a1ca4ef8bb0e","6/30/2014 12:00:00 AM"
"119","334834274","adventure-works\michael4","/3/1/11/11/","4","Production Technician - WC50","6/15/1989 12:00:00 AM","S","M","2/25/2009 12:00:00 AM","False","94","67","True","eb27c026-9470-4450-8d5e-1f38a41793b5","6/30/2014 12:00:00 AM"
"120","211789056","adventure-works\kitti0","/3/1/11/12/","4","Production Technician - WC50","6/6/1987 12:00:00 AM","S","F","3/4/2009 12:00:00 AM","False","89","64","True","49a05524-fa34-45b1-95bc-489901dc5b50","6/30/2014 12:00:00 AM"
"121","521265716","adventure-works\pilar0","/3/1/12/","3","Shipping and Receiving Supervisor","9/9/1972 12:00:00 AM","S","M","1/2/2009 12:00:00 AM","True","93","66","True","01bcce22-d63a-4c3f-9ba8-d3d5a4c3bd52","6/30/2014 12:00:00 AM"
"122","586486572","adventure-works\susan0","/3/1/12/1/","4","Stocker","2/17/1978 12:00:00 AM","S","F","12/7/2008 12:00:00 AM","False","97","68","True","923ecfd6-e202-429a-9141-6cb183531439","6/30/2014 12:00:00 AM"
"123","337752649","adventure-works\vamsi0","/3/1/12/2/","4","Shipping and Receiving Clerk","3/18/1977 12:00:00 AM","M","M","12/7/2008 12:00:00 AM","False","95","67","True","a8838ab2-99de-415c-8675-d82ebf1c4752","6/30/2014 12:00:00 AM"
"124","420776180","adventure-works\kim0","/3/1/12/3/","4","Stocker","4/30/1984 12:00:00 AM","S","F","12/26/2008 12:00:00 AM","False","98","69","True","6150f197-7923-40d4-84f2-936207d468ab","6/30/2014 12:00:00 AM"
"125","584205124","adventure-works\matthias0","/3/1/12/4/","4","Shipping and Receiving Clerk","11/11/1973 12:00:00 AM","M","M","1/20/2009 12:00:00 AM","False","94","67","True","54ed63dc-c62c-4cc7-89c2-015df49c49a5","6/30/2014 12:00:00 AM"
"126","652779496","adventure-works\jimmy0","/3/1/12/5/","4","Stocker","5/4/1985 12:00:00 AM","M","M","2/26/2009 12:00:00 AM","False","96","68","True","96442787-9520-4955-a457-38afddb6ff13","6/30/2014 12:00:00 AM"
"127","750905084","adventure-works\david4","/3/1/13/","3","Production Supervisor - WC40","7/2/1983 12:00:00 AM","S","M","1/3/2009 12:00:00 AM","False","73","56","True","516538e8-115b-44f4-aa7b-e6c1d9f8adfc","6/30/2014 12:00:00 AM"
"128","384162788","adventure-works\paul0","/3/1/13/1/","4","Production Technician - WC40","11/13/1980 12:00:00 AM","S","M","12/4/2008 12:00:00 AM","False","68","54","True","0217049e-1566-42b6-8027-41b751e2b00b","6/30/2014 12:00:00 AM"
"129","502058701","adventure-works\gary0","/3/1/13/2/","4","Production Technician - WC40","5/16/1988 12:00:00 AM","S","M","12/22/2008 12:00:00 AM","False","69","54","True","a03d6052-1f85-4ebe-aac9-b67cfdcd91a6","6/30/2014 12:00:00 AM"
"130","578953538","adventure-works\rob1","/3/1/13/3/","4","Production Technician - WC40","8/4/1973 12:00:00 AM","S","M","2/13/2009 12:00:00 AM","False","71","55","True","54fda597-6822-42b4-b128-63eca03071f2","6/30/2014 12:00:00 AM"
"131","273260055","adventure-works\baris0","/3/1/13/4/","4","Production Technician - WC40","10/7/1990 12:00:00 AM","S","M","2/15/2009 12:00:00 AM","False","72","56","True","232d68bf-df58-48f9-9235-53bd4b009b4b","6/30/2014 12:00:00 AM"
"132","1300049","adventure-works\nicole0","/3/1/13/5/","4","Production Technician - WC40","4/9/1986 12:00:00 AM","M","F","2/22/2009 12:00:00 AM","False","67","53","True","15671e3b-016f-41fd-840b-5a9f7d776d9a","6/30/2014 12:00:00 AM"
"133","830150469","adventure-works\michael1","/3/1/13/6/","4","Production Technician - WC40","1/4/1991 12:00:00 AM","S","M","1/10/2009 12:00:00 AM","False","70","55","True","416bf905-7d6c-4692-8fd6-40f6c4f9ecc4","6/30/2014 12:00:00 AM"
"134","45615666","adventure-works\eric0","/3/1/14/","3","Production Supervisor - WC20","1/19/1985 12:00:00 AM","M","M","1/14/2009 12:00:00 AM","False","40","40","True","2abcf39b-88d7-49fa-820a-83d223322ba5","6/30/2014 12:00:00 AM"
"135","964089218","adventure-works\ivo0","/3/1/14/1/","4","Production Technician - WC20","1/3/1982 12:00:00 AM","M","M","12/4/2008 12:00:00 AM","False","9","24","True","d83a26f3-7ea7-477b-a5bb-7eaadfc13a09","6/30/2014 12:00:00 AM"
"136","701156975","adventure-works\sylvester0","/3/1/14/2/","4","Production Technician - WC20","11/12/1970 12:00:00 AM","M","M","12/11/2009 12:00:00 AM","False","4","22","True","d9c43d08-3882-4e5c-bdf0-f6bd7004cd04","6/30/2014 12:00:00 AM"
"137","63761469","adventure-works\anibal0","/3/1/14/3/","4","Production Technician - WC20","9/5/1974 12:00:00 AM","S","F","2/23/2009 12:00:00 AM","False","8","24","True","bc18a829-f0ce-4eaf-9785-2d84c86f925a","6/30/2014 12:00:00 AM"
"138","25011600","adventure-works\samantha0","/3/1/14/4/","4","Production Technician - WC20","11/22/1987 12:00:00 AM","M","F","2/4/2009 12:00:00 AM","False","7","23","True","1629eddd-d0ae-4cb9-a59c-3a175f7027e5","6/30/2014 12:00:00 AM"
"139","113393530","adventure-works\hung-fu0","/3/1/14/5/","4","Production Technician - WC20","10/23/1971 12:00:00 AM","S","M","1/6/2010 12:00:00 AM","False","0","20","True","065d8d5f-9504-4ffe-98dc-e69677f19f15","6/30/2014 12:00:00 AM"
"140","339233463","adventure-works\prasanna0","/3/1/14/6/","4","Production Technician - WC20","4/30/1953 12:00:00 AM","M","M","1/22/2010 12:00:00 AM","False","5","22","True","72ed240a-0fd8-4423-8a49-9078ba6bcf6c","6/30/2014 12:00:00 AM"
"141","872923042","adventure-works\min0","/3/1/14/7/","4","Production Technician - WC20","9/10/1974 12:00:00 AM","M","M","1/24/2010 12:00:00 AM","False","1","20","True","cc75c35d-1566-43fa-b2e9-d1e508efdcd1","6/30/2014 12:00:00 AM"
"142","163347032","adventure-works\olinda0","/3/1/14/8/","4","Production Technician - WC20","4/4/1970 12:00:00 AM","S","F","3/4/2010 12:00:00 AM","False","3","21","True","6456cec3-9b1e-4ebc-9fd8-732b93363f65","6/30/2014 12:00:00 AM"
"143","56772045","adventure-works\krishna0","/3/1/14/9/","4","Production Technician - WC20","9/5/1971 12:00:00 AM","S","M","2/13/2010 12:00:00 AM","False","2","21","True","42a506a5-0ac0-4148-b702-bb7b804ef98c","6/30/2014 12:00:00 AM"
"144","886023130","adventure-works\paul1","/3/1/14/10/","4","Production Technician - WC20","11/4/1990 12:00:00 AM","M","M","1/17/2009 12:00:00 AM","False","6","23","True","dc5ba622-b860-41ee-af92-5feb4779b589","6/30/2014 12:00:00 AM"
"145","386315192","adventure-works\cynthia0","/3/1/15/","3","Production Supervisor - WC30","8/18/1981 12:00:00 AM","S","F","1/27/2009 12:00:00 AM","False","69","54","True","f9e1dc46-0d03-4a8a-b693-1a964bc13e6c","6/30/2014 12:00:00 AM"
"146","160739235","adventure-works\jianshuo0","/3/1/15/1/","4","Production Technician - WC30","6/25/1989 12:00:00 AM","S","M","12/7/2008 12:00:00 AM","False","36","38","True","6fff136a-9664-4eb9-9243-fac76e21b9dd","6/30/2014 12:00:00 AM"
"147","604664374","adventure-works\sandra0","/3/1/15/2/","4","Production Technician - WC30","11/5/1975 12:00:00 AM","M","F","12/26/2008 12:00:00 AM","False","37","38","True","f69f3ff9-e1e0-4419-a6bf-f705e1556160","6/30/2014 12:00:00 AM"
"148","733022683","adventure-works\jason0","/3/1/15/3/","4","Production Technician - WC30","12/7/1988 12:00:00 AM","S","M","1/14/2009 12:00:00 AM","False","38","39","True","c16c501d-942d-4eb0-b5c4-ef8119fbeba2","6/30/2014 12:00:00 AM"
"149","764853868","adventure-works\andy0","/3/1/15/4/","4","Production Technician - WC30","10/20/1983 12:00:00 AM","M","M","1/31/2009 12:00:00 AM","False","39","39","True","615a6bfe-3046-4037-9764-238535f725be","6/30/2014 12:00:00 AM"
"150","878395493","adventure-works\michael5","/3/1/15/5/","4","Production Technician - WC30","9/18/1982 12:00:00 AM","M","M","2/26/2009 12:00:00 AM","False","35","37","True","2b0876d4-8996-4e71-a613-be2e98e7accf","6/30/2014 12:00:00 AM"
"151","993310268","adventure-works\rostislav0","/3/1/15/6/","4","Production Technician - WC30","9/13/1977 12:00:00 AM","M","M","2/19/2009 12:00:00 AM","False","40","40","True","00027a8c-c2f8-4a31-aba8-8a203638b8f1","6/30/2014 12:00:00 AM"
"152","319472946","adventure-works\yuhong0","/3/1/16/","3","Production Supervisor - WC20","4/6/1977 12:00:00 AM","M","M","2/1/2009 12:00:00 AM","False","41","40","True","f1a684f4-02db-4b22-8977-6d8d3a21100e","6/30/2014 12:00:00 AM"
"153","568596888","adventure-works\hanying0","/3/1/16/1/","4","Production Technician - WC20","10/16/1974 12:00:00 AM","S","M","12/16/2008 12:00:00 AM","False","15","27","True","618b71bc-6e8c-492d-8862-b9efb7a4e06a","6/30/2014 12:00:00 AM"
"154","97728960","adventure-works\raymond0","/3/1/16/2/","4","Production Technician - WC20","3/2/1967 12:00:00 AM","M","M","12/23/2008 12:00:00 AM","False","10","25","True","9f01e1fb-b893-40cc-9f5c-aaf89f9b7af5","6/30/2014 12:00:00 AM"
"155","212801092","adventure-works\fadi0","/3/1/16/3/","4","Production Technician - WC20","2/15/1989 12:00:00 AM","S","M","1/4/2009 12:00:00 AM","False","16","28","True","9923376f-26d0-4845-9d99-cc3d696caeb8","6/30/2014 12:00:00 AM"
"156","322160340","adventure-works\lane0","/3/1/16/4/","4","Production Technician - WC20","9/23/1974 12:00:00 AM","M","M","1/11/2009 12:00:00 AM","False","11","25","True","042427b8-3883-4a87-a6a3-724ee1690f49","6/30/2014 12:00:00 AM"
"157","812797414","adventure-works\linda1","/3/1/16/5/","4","Production Technician - WC20","10/5/1977 12:00:00 AM","S","F","2/3/2009 12:00:00 AM","False","12","26","True","f963f913-449e-4ebb-bfda-fc0c3010db65","6/30/2014 12:00:00 AM"
"158","300946911","adventure-works\shelley0","/3/1/16/6/","4","Production Technician - WC20","12/8/1986 12:00:00 AM","S","F","3/7/2009 12:00:00 AM","False","14","27","True","13942056-2930-4490-83ce-af2386d5a5e7","6/30/2014 12:00:00 AM"
"159","404159499","adventure-works\terrence0","/3/1/16/7/","4","Production Technician - WC20","12/8/1984 12:00:00 AM","S","M","2/16/2009 12:00:00 AM","False","13","26","True","4da76442-5eef-41fb-ae19-16c55714f9ad","6/30/2014 12:00:00 AM"
"160","712885347","adventure-works\jeff0","/3/1/17/","3","Production Supervisor - WC45","1/15/1977 12:00:00 AM","M","M","1/21/2009 12:00:00 AM","False","74","57","True","7c7d459e-1f49-427d-9bd5-de31880c85dc","6/30/2014 12:00:00 AM"
"161","275962311","adventure-works\kirk0","/3/1/17/1/","4","Production Technician - WC45","2/6/1985 12:00:00 AM","S","M","12/15/2008 12:00:00 AM","False","74","57","True","08d25baa-167b-499c-8b51-31dcc856a8cf","6/30/2014 12:00:00 AM"
"162","514829225","adventure-works\laura0","/3/1/17/2/","4","Production Technician - WC45","12/25/1980 12:00:00 AM","S","F","1/3/2009 12:00:00 AM","False","75","57","True","fccd65ba-2702-4409-ae56-75af1710ac78","6/30/2014 12:00:00 AM"
"163","377784364","adventure-works\alex0","/3/1/17/3/","4","Production Technician - WC45","4/13/1990 12:00:00 AM","M","M","2/8/2009 12:00:00 AM","False","77","58","True","b96bc9c2-5a25-4a9b-887a-c7c10e47b80c","6/30/2014 12:00:00 AM"
"164","65848458","adventure-works\andrew1","/3/1/17/4/","4","Production Technician - WC45","9/24/1988 12:00:00 AM","S","M","3/6/2009 12:00:00 AM","False","73","56","True","a2a2cf20-4e5c-45f7-a7bd-1b94f0c3a43a","6/30/2014 12:00:00 AM"
"165","539490372","adventure-works\chris0","/3/1/17/5/","4","Production Technician - WC45","12/16/1988 12:00:00 AM","M","M","1/22/2009 12:00:00 AM","False","76","58","True","300223f3-5587-4230-909b-d9c4afd6d683","6/30/2014 12:00:00 AM"
"166","60114406","adventure-works\jack0","/3/1/18/","3","Production Supervisor - WC30","6/22/1983 12:00:00 AM","S","M","2/21/2009 12:00:00 AM","False","68","54","True","69a47230-70ee-48fd-ac15-c39f3712ff14","6/30/2014 12:00:00 AM"
"167","498138869","adventure-works\david1","/3/1/18/1/","4","Production Technician - WC30","11/2/1979 12:00:00 AM","S","M","12/2/2008 12:00:00 AM","False","25","32","True","ed7ee92e-a9d0-4e3a-8dee-4b143e459f7e","6/30/2014 12:00:00 AM"
"168","271438431","adventure-works\garrett0","/3/1/18/2/","4","Production Technician - WC30","8/25/1984 12:00:00 AM","S","M","12/7/2008 12:00:00 AM","False","34","37","True","a6f5f72f-aa03-41b7-8b6e-b123bd360753","6/30/2014 12:00:00 AM"
"169","351069889","adventure-works\susan1","/3/1/18/3/","4","Production Technician - WC30","4/2/1983 12:00:00 AM","S","F","12/14/2008 12:00:00 AM","False","31","35","True","f73d75d5-b47b-46ee-ad11-7bf13dd6c55d","6/30/2014 12:00:00 AM"
"170","476115505","adventure-works\george0","/3/1/18/4/","4","Production Technician - WC30","4/16/1977 12:00:00 AM","M","M","12/21/2008 12:00:00 AM","False","26","33","True","01b119a2-2af3-4775-818e-b421fecb07a7","6/30/2014 12:00:00 AM"
"171","746373306","adventure-works\david3","/3/1/18/5/","4","Production Technician - WC30","8/3/1981 12:00:00 AM","S","M","1/2/2009 12:00:00 AM","False","32","36","True","84c358d4-2493-452c-b7d6-b212c893a009","6/30/2014 12:00:00 AM"
"172","364818297","adventure-works\marc0","/3/1/18/6/","4","Production Technician - WC30","10/24/1986 12:00:00 AM","M","M","1/16/2009 12:00:00 AM","False","22","31","True","1f151abc-db4a-431a-8a5d-15f46c5b8ffc","6/30/2014 12:00:00 AM"
"173","87268837","adventure-works\eugene0","/3/1/18/7/","4","Production Technician - WC30","7/15/1987 12:00:00 AM","S","M","1/21/2009 12:00:00 AM","False","33","36","True","1ba1d374-18ae-48ed-938f-6f5d2eec4d4d","6/30/2014 12:00:00 AM"
"174","585408256","adventure-works\benjamin0","/3/1/18/8/","4","Production Technician - WC30","1/5/1986 12:00:00 AM","S","M","1/27/2009 12:00:00 AM","False","28","34","True","f1a6f824-895b-4a0f-af1b-05fba703e69f","6/30/2014 12:00:00 AM"
"175","259388196","adventure-works\reed0","/3/1/18/9/","4","Production Technician - WC30","1/8/1989 12:00:00 AM","M","M","2/2/2009 12:00:00 AM","False","23","31","True","b3967c00-7014-4960-af15-b1a6d3094f6f","6/30/2014 12:00:00 AM"
"176","860123571","adventure-works\david7","/3/1/18/10/","4","Production Technician - WC30","9/23/1985 12:00:00 AM","M","M","2/14/2009 12:00:00 AM","False","29","34","True","85afb689-7eab-41a8-b154-9446195d5bde","6/30/2014 12:00:00 AM"
"177","551346974","adventure-works\russell1","/3/1/18/11/","4","Production Technician - WC30","2/11/1982 12:00:00 AM","M","M","2/21/2009 12:00:00 AM","False","24","32","True","d54c7989-2675-4ef3-b392-370a8d264b2b","6/30/2014 12:00:00 AM"
"178","568626529","adventure-works\john3","/3/1/18/12/","4","Production Technician - WC30","3/24/1982 12:00:00 AM","S","M","3/3/2009 12:00:00 AM","False","27","33","True","96c7eab1-6dea-4c59-afd8-923f0e8de1f6","6/30/2014 12:00:00 AM"
"179","587567941","adventure-works\jan0","/3/1/18/13/","4","Production Technician - WC30","11/15/1974 12:00:00 AM","S","M","3/5/2009 12:00:00 AM","False","30","35","True","975f827d-be71-4eb1-8dbf-e6c451d1fad5","6/30/2014 12:00:00 AM"
"180","862951447","adventure-works\katie0","/3/1/19/","3","Production Supervisor - WC20","11/18/1984 12:00:00 AM","S","F","2/20/2009 12:00:00 AM","False","42","41","True","5be8b211-cbe5-45d8-84fd-23f36a881473","6/30/2014 12:00:00 AM"
"181","545337468","adventure-works\michael0","/3/1/19/1/","4","Production Technician - WC20","11/17/1984 12:00:00 AM","S","M","12/9/2008 12:00:00 AM","False","20","30","True","4fd6fe82-535a-4dd1-beb1-154a8b5e42f0","6/30/2014 12:00:00 AM"
"182","368920189","adventure-works\nitin0","/3/1/19/2/","4","Production Technician - WC20","12/1/1986 12:00:00 AM","S","M","12/28/2008 12:00:00 AM","False","21","30","True","ebbc6787-3f2d-4f6b-9ea3-4def02ef382e","6/30/2014 12:00:00 AM"
"183","969985265","adventure-works\barbara0","/3/1/19/3/","4","Production Technician - WC20","7/2/1979 12:00:00 AM","M","F","1/22/2009 12:00:00 AM","False","17","28","True","045c9cbb-3448-4599-9fa9-6c7a9f82f832","6/30/2014 12:00:00 AM"
"184","305522471","adventure-works\john2","/3/1/19/4/","4","Production Technician - WC20","4/5/1986 12:00:00 AM","M","M","2/9/2009 12:00:00 AM","False","18","29","True","bab69951-28ad-4bca-b5ac-032746d0cc6f","6/30/2014 12:00:00 AM"
"185","621932914","adventure-works\stefen0","/3/1/19/5/","4","Production Technician - WC20","12/21/1975 12:00:00 AM","S","M","2/28/2009 12:00:00 AM","False","19","29","True","b9eebf9f-f694-4bc2-98ec-9b4fb0379edf","6/30/2014 12:00:00 AM"
"186","551834634","adventure-works\shane0","/3/1/20/","3","Production Supervisor - WC45","5/24/1990 12:00:00 AM","S","M","2/8/2009 12:00:00 AM","False","75","57","True","2625c358-672a-4000-ad67-b8cd3f318285","6/30/2014 12:00:00 AM"
"187","713403643","adventure-works\yvonne0","/3/1/20/1/","4","Production Technician - WC45","4/15/1989 12:00:00 AM","M","F","12/9/2008 12:00:00 AM","False","79","59","True","83c6dabf-fd7d-4f5b-bb22-eb7eebb9a772","6/30/2014 12:00:00 AM"
"188","435234965","adventure-works\douglas0","/3/1/20/2/","4","Production Technician - WC45","11/24/1985 12:00:00 AM","M","M","12/27/2008 12:00:00 AM","False","80","60","True","1ab0edeb-7558-4734-8423-5a11b44dca35","6/30/2014 12:00:00 AM"
"189","187369436","adventure-works\janeth0","/3/1/20/3/","4","Production Technician - WC45","7/24/1972 12:00:00 AM","S","F","1/15/2009 12:00:00 AM","False","81","60","True","8261b8cb-bc3f-4bce-b364-86035d870263","6/30/2014 12:00:00 AM"
"190","456839592","adventure-works\robert0","/3/1/20/4/","4","Production Technician - WC45","2/28/1985 12:00:00 AM","S","M","2/2/2009 12:00:00 AM","False","82","61","True","2203154e-5ebd-4aca-99be-d835a3309d03","6/30/2014 12:00:00 AM"
"191","399658727","adventure-works\lionel0","/3/1/20/5/","4","Production Technician - WC45","3/14/1988 12:00:00 AM","S","M","2/26/2009 12:00:00 AM","False","78","59","True","231b1798-f67b-45c1-9688-265180f93d28","6/30/2014 12:00:00 AM"
"192","634335025","adventure-works\brenda0","/3/1/21/","3","Production Supervisor - WC40","2/28/1983 12:00:00 AM","M","F","3/5/2009 12:00:00 AM","False","71","55","True","714d519b-375e-4c5a-8491-c758d00cf95f","6/30/2014 12:00:00 AM"
"193","761597760","adventure-works\alejandro0","/3/1/21/1/","4","Production Technician - WC40","12/5/1988 12:00:00 AM","S","M","12/6/2008 12:00:00 AM","False","52","46","True","8c7321d2-2c64-4902-9d64-8f5c1eb7f747","6/30/2014 12:00:00 AM"
"194","295971920","adventure-works\fred0","/3/1/21/2/","4","Production Technician - WC40","6/25/1989 12:00:00 AM","S","M","12/12/2008 12:00:00 AM","False","47","43","True","45358ae8-0b0e-4c11-90bb-dac3ec0d5c82","6/30/2014 12:00:00 AM"
"195","918737118","adventure-works\kevin1","/3/1/21/3/","4","Production Technician - WC40","12/25/1985 12:00:00 AM","S","M","12/17/2008 12:00:00 AM","False","58","49","True","dc7e95ff-275e-41c2-8ed3-686864f0540a","6/30/2014 12:00:00 AM"
"196","370487086","adventure-works\shammi0","/3/1/21/4/","4","Production Technician - WC40","10/4/1980 12:00:00 AM","M","M","12/24/2008 12:00:00 AM","False","53","46","True","9bef0c94-7969-4905-9a42-ce469c754800","6/30/2014 12:00:00 AM"
"197","632092621","adventure-works\rajesh0","/3/1/21/5/","4","Production Technician - WC40","10/4/1977 12:00:00 AM","M","M","12/31/2008 12:00:00 AM","False","48","44","True","aca7b40c-7ac0-4daa-b4c7-1051d850d7d9","6/30/2014 12:00:00 AM"
"198","19312190","adventure-works\lorraine0","/3/1/21/6/","4","Production Technician - WC40","11/26/1988 12:00:00 AM","M","F","1/4/2009 12:00:00 AM","False","49","44","True","a63966b6-9ad6-40bc-afd4-a83745879f4d","6/30/2014 12:00:00 AM"
"199","992874797","adventure-works\paula1","/3/1/21/7/","4","Production Technician - WC40","2/10/1987 12:00:00 AM","M","F","1/12/2009 12:00:00 AM","False","54","47","True","5dd2be46-204f-4af3-91f5-5ef082f6d6a6","6/30/2014 12:00:00 AM"
"200","749211824","adventure-works\frank0","/3/1/21/8/","4","Production Technician - WC40","9/6/1987 12:00:00 AM","M","M","1/17/2009 12:00:00 AM","False","56","48","True","dd9ad278-ed17-40cf-8619-baf1bb9d1cf2","6/30/2014 12:00:00 AM"
"201","746201340","adventure-works\brian0","/3/1/21/9/","4","Production Technician - WC40","2/10/1977 12:00:00 AM","S","M","1/29/2009 12:00:00 AM","False","55","47","True","18d594a8-b4ed-43c0-9c43-6033feaadf4e","6/30/2014 12:00:00 AM"
"202","436757988","adventure-works\tawana0","/3/1/21/10/","4","Production Technician - WC40","11/10/1989 12:00:00 AM","S","M","2/5/2009 12:00:00 AM","False","50","45","True","bb4a3e50-232e-4212-9faf-e67429febc7d","6/30/2014 12:00:00 AM"
"203","693168613","adventure-works\ken1","/3/1/21/11/","4","Production Technician - WC40","5/28/1981 12:00:00 AM","M","M","2/24/2009 12:00:00 AM","False","51","45","True","699c00d8-c4ab-4cd2-a48f-37cbcb5bfcca","6/30/2014 12:00:00 AM"
"204","440379437","adventure-works\gabe0","/3/1/21/12/","4","Production Technician - WC40","5/10/1988 12:00:00 AM","M","M","3/8/2009 12:00:00 AM","False","57","48","True","790c9a7c-264c-4d48-a9d3-e2571a8011d8","6/30/2014 12:00:00 AM"
"205","332349500","adventure-works\lori0","/3/1/22/","3","Production Supervisor - WC45","7/18/1980 12:00:00 AM","S","F","2/26/2009 12:00:00 AM","False","76","58","True","23d436fc-08f7-4988-8b4d-490aa4e8b7e7","6/30/2014 12:00:00 AM"
"206","835460180","adventure-works\stuart0","/3/1/22/1/","4","Production Technician - WC45","9/13/1962 12:00:00 AM","S","M","12/2/2008 12:00:00 AM","False","84","62","True","4f361b4f-7920-4037-9a0a-46d616f9b9c7","6/30/2014 12:00:00 AM"
"207","687685941","adventure-works\greg0","/3/1/22/2/","4","Production Technician - WC45","10/18/1970 12:00:00 AM","S","M","12/2/2008 12:00:00 AM","False","85","62","True","a36b5d6b-72a5-47f8-9f6b-5d922130e760","6/30/2014 12:00:00 AM"
"208","199546871","adventure-works\scott0","/3/1/22/3/","4","Production Technician - WC45","2/10/1987 12:00:00 AM","M","M","1/8/2009 12:00:00 AM","False","86","63","True","e35da50a-bb51-4e08-8b8d-87ef4650247a","6/30/2014 12:00:00 AM"
"209","167554340","adventure-works\kathie0","/3/1/22/4/","4","Production Technician - WC45","11/1/1990 12:00:00 AM","M","F","1/27/2009 12:00:00 AM","False","87","63","True","25fc84d7-e013-44b8-82cd-63cd4723af81","6/30/2014 12:00:00 AM"
"210","20244403","adventure-works\belinda0","/3/1/22/5/","4","Production Technician - WC45","9/17/1969 12:00:00 AM","S","F","2/20/2009 12:00:00 AM","False","83","61","True","f714b5ec-ca7c-4e6e-a812-2c5a119f4c30","6/30/2014 12:00:00 AM"
"211","398223854","adventure-works\hazem0","/3/2/","2","Quality Assurance Manager","10/26/1977 12:00:00 AM","S","M","2/28/2009 12:00:00 AM","True","80","60","True","05c84608-f445-4f9d-bb5c-0828c309c29d","12/26/2014 9:17:08 AM"
"212","885055826","adventure-works\peng0","/3/2/1/","3","Quality Assurance Supervisor","3/18/1976 12:00:00 AM","M","M","12/9/2008 12:00:00 AM","True","81","60","True","e249d613-36c9-4544-9b6f-6ce50e5e0da5","6/30/2014 12:00:00 AM"
"213","343861179","adventure-works\sootha0","/3/2/1/1/","4","Quality Assurance Technician","12/5/1966 12:00:00 AM","M","M","2/23/2010 12:00:00 AM","False","85","62","True","a3dadf19-27f0-460a-9888-ce6caa9e3583","6/30/2014 12:00:00 AM"
"214","131471224","adventure-works\andreas0","/3/2/1/2/","4","Quality Assurance Technician","3/28/1989 12:00:00 AM","M","M","2/2/2009 12:00:00 AM","False","84","62","True","f4ddd64f-dffe-4df3-aa17-d6bea1924818","6/30/2014 12:00:00 AM"
"215","381772114","adventure-works\mark0","/3/2/1/3/","4","Quality Assurance Technician","4/30/1986 12:00:00 AM","S","M","1/15/2009 12:00:00 AM","False","83","61","True","6b63ef27-2c55-4f4c-be29-fce8b694dc4a","6/30/2014 12:00:00 AM"
"216","403414852","adventure-works\sean0","/3/2/1/4/","4","Quality Assurance Technician","3/6/1976 12:00:00 AM","S","M","12/28/2008 12:00:00 AM","False","82","61","True","34e128cf-d904-4327-8014-9df0d5de7d08","6/30/2014 12:00:00 AM"
"217","345106466","adventure-works\zainal0","/3/2/2/","3","Document Control Manager","1/30/1976 12:00:00 AM","M","M","1/4/2009 12:00:00 AM","False","77","58","True","dc60eeed-9f9f-4435-8666-4de4fafde9c3","6/30/2014 12:00:00 AM"
"218","540688287","adventure-works\tengiz0","/3/2/2/1/","4","Control Specialist","4/28/1990 12:00:00 AM","S","M","12/16/2008 12:00:00 AM","False","76","58","True","c609b3b2-7969-410c-934c-62c34b63c4ee","6/30/2014 12:00:00 AM"
"219","242381745","adventure-works\sean1","/3/2/2/2/","4","Document Control Assistant","3/12/1987 12:00:00 AM","S","M","1/22/2009 12:00:00 AM","False","78","59","True","f78657a9-83ef-4b4d-9809-3c4c6d1a7bb4","6/30/2014 12:00:00 AM"
"220","260770918","adventure-works\karen0","/3/2/2/3/","4","Document Control Assistant","12/25/1975 12:00:00 AM","M","F","2/9/2009 12:00:00 AM","False","79","59","True","8a41ed23-7ae2-4c15-aa5d-9496e721f848","6/30/2014 12:00:00 AM"
"221","260805477","adventure-works\chris1","/3/2/2/4/","4","Control Specialist","5/26/1987 12:00:00 AM","M","M","3/6/2009 12:00:00 AM","False","75","57","True","45c358fb-9c7f-4d36-8ec7-3d89e9fd07f4","6/30/2014 12:00:00 AM"
"222","685233686","adventure-works\ascott0","/3/3/","2","Master Scheduler","9/17/1968 12:00:00 AM","S","M","12/12/2008 12:00:00 AM","False","44","42","True","13909262-4136-492f-bca3-0b0e3773b03e","12/26/2014 9:17:08 AM"
"223","981495526","adventure-works\sairaj0","/3/3/1/","3","Scheduling Assistant","12/22/1987 12:00:00 AM","M","M","1/26/2009 12:00:00 AM","False","46","43","True","4d36a720-ce32-4c47-866a-db7844449309","6/30/2014 12:00:00 AM"
"224","621209647","adventure-works\william0","/3/3/2/","3","Scheduling Assistant","11/6/1981 12:00:00 AM","M","M","1/7/2009 12:00:00 AM","False","45","42","True","1a68cd62-6fe9-4613-90d4-2cd178e4e54a","6/30/2014 12:00:00 AM"
"225","470689086","adventure-works\alan0","/3/3/3/","3","Scheduling Assistant","3/29/1984 12:00:00 AM","M","M","2/13/2009 12:00:00 AM","False","47","43","True","de321854-b076-4d59-bb7b-42152031b108","6/30/2014 12:00:00 AM"
"226","368691270","adventure-works\brian1","/3/3/4/","3","Scheduling Assistant","8/11/1984 12:00:00 AM","M","M","3/3/2009 12:00:00 AM","False","48","44","True","dfa02733-c26e-4e31-99d8-9167e4e5131d","6/30/2014 12:00:00 AM"
"227","141165819","adventure-works\gary1","/3/4/","2","Facilities Manager","2/18/1971 12:00:00 AM","M","M","12/2/2009 12:00:00 AM","True","86","63","True","62f6ec59-5635-44f3-9cc1-2d8eeaf90a05","6/30/2014 12:00:00 AM"
"228","553069203","adventure-works\christian0","/3/4/1/","3","Maintenance Supervisor","1/18/1976 12:00:00 AM","M","M","12/14/2008 12:00:00 AM","True","92","66","True","4611c7c5-90a0-407f-b054-93bd51533609","6/30/2014 12:00:00 AM"
"229","879334904","adventure-works\lori1","/3/4/1/1/","4","Janitor","7/31/1970 12:00:00 AM","M","F","2/16/2010 12:00:00 AM","False","90","65","True","929fe187-ee24-4f5f-af2a-f96324f09423","6/30/2014 12:00:00 AM"
"230","28414965","adventure-works\stuart1","/3/4/1/2/","4","Janitor","12/17/1971 12:00:00 AM","M","M","3/5/2010 12:00:00 AM","False","88","64","True","cc2791e6-7629-49c5-922a-81445afdf033","6/30/2014 12:00:00 AM"
"231","153479919","adventure-works\jo1","/3/4/1/3/","4","Janitor","4/24/1954 12:00:00 AM","M","F","3/7/2010 12:00:00 AM","False","91","65","True","39af5cca-9b52-41e5-b510-72901d2578f6","6/30/2014 12:00:00 AM"
"232","646304055","adventure-works\pat0","/3/4/1/4/","4","Janitor","12/3/1970 12:00:00 AM","S","M","1/27/2010 12:00:00 AM","False","89","64","True","49238447-30ee-4009-993f-0b6c756ab436","6/30/2014 12:00:00 AM"
"233","552560652","adventure-works\magnus0","/3/4/2/","3","Facilities Administrative Assistant","8/27/1971 12:00:00 AM","M","M","12/21/2009 12:00:00 AM","False","87","63","True","0a4bcc09-ace5-4481-9067-8b9ed70eca18","6/30/2014 12:00:00 AM"
"234","184188301","adventure-works\laura1","/4/","1","Chief Financial Officer","1/6/1976 12:00:00 AM","M","F","1/31/2009 12:00:00 AM","True","0","20","True","d5e315a6-bd65-4d67-9d5f-81ef5c4ef8a6","6/30/2014 12:00:00 AM"
"235","535145551","adventure-works\paula0","/4/1/","2","Human Resources Manager","2/11/1976 12:00:00 AM","M","F","12/6/2008 12:00:00 AM","True","54","47","True","65028f15-4149-4de5-b203-9d7ec86baf87","6/30/2014 12:00:00 AM"
"236","476980013","adventure-works\grant0","/4/1/1/","3","Human Resources Administrative Assistant","4/16/1976 12:00:00 AM","S","M","2/25/2009 12:00:00 AM","False","53","46","True","4511abba-7f34-400e-907b-a663c20e1a41","6/30/2014 12:00:00 AM"
"237","416679555","adventure-works\hao0","/4/1/2/","3","Human Resources Administrative Assistant","4/17/1977 12:00:00 AM","S","M","2/6/2009 12:00:00 AM","False","52","46","True","fd53c4c8-b34e-460f-9ee5-747b07fe98b3","6/30/2014 12:00:00 AM"
"238","264306399","adventure-works\vidur0","/4/1/3/","3","Recruiter","8/1/1984 12:00:00 AM","S","M","1/1/2009 12:00:00 AM","False","50","45","True","47e76b59-b137-4572-ad55-6b3e68c13bd3","6/30/2014 12:00:00 AM"
"239","619308550","adventure-works\mindy0","/4/1/4/","3","Benefits Specialist","11/20/1984 12:00:00 AM","M","F","12/25/2008 12:00:00 AM","False","51","45","True","834d7ab6-06e6-4944-b42f-028cd4bd388e","6/30/2014 12:00:00 AM"
"240","332040978","adventure-works\willis0","/4/1/5/","3","Recruiter","7/18/1978 12:00:00 AM","S","M","12/13/2008 12:00:00 AM","False","49","44","True","a1d86ecc-ea17-4b1b-8369-f1d07ab0a469","6/30/2014 12:00:00 AM"
"241","30845","adventure-works\david6","/4/2/","2","Accounts Manager","7/8/1983 12:00:00 AM","M","M","1/30/2009 12:00:00 AM","True","57","48","True","2dc9d534-f5d1-4a14-8282-0a2a0eb6fd4d","6/30/2014 12:00:00 AM"
"242","363923697","adventure-works\deborah0","/4/2/1/","3","Accounts Receivable Specialist","3/6/1976 12:00:00 AM","M","F","12/18/2008 12:00:00 AM","False","60","50","True","09f75454-028c-46ca-bc08-0147bd0220d7","6/30/2014 12:00:00 AM"
"243","60517918","adventure-works\candy0","/4/2/2/","3","Accounts Receivable Specialist","2/23/1976 12:00:00 AM","S","F","1/6/2009 12:00:00 AM","False","61","50","True","9e9f713b-707c-4f7e-9504-de188052a045","6/30/2014 12:00:00 AM"
"244","931190412","adventure-works\bryan1","/4/2/3/","3","Accounts Receivable Specialist","9/20/1984 12:00:00 AM","S","M","1/24/2009 12:00:00 AM","False","62","51","True","cb3e71ec-a381-4716-87df-d3841ab9795a","6/30/2014 12:00:00 AM"
"245","363910111","adventure-works\barbara1","/4/2/4/","3","Accountant","1/4/1976 12:00:00 AM","M","F","2/18/2009 12:00:00 AM","True","58","49","True","3ffba84e-8e97-4649-a5e1-859649d83aae","6/30/2014 12:00:00 AM"
"246","663843431","adventure-works\dragan0","/4/2/5/","3","Accounts Payable Specialist","2/14/1977 12:00:00 AM","M","M","2/11/2009 12:00:00 AM","False","63","51","True","51c54d34-064b-44f7-a6b1-7702bd491980","6/30/2014 12:00:00 AM"
"247","519756660","adventure-works\janet0","/4/2/6/","3","Accounts Payable Specialist","3/9/1979 12:00:00 AM","M","F","3/1/2009 12:00:00 AM","False","64","52","True","0c641d77-8675-493f-9947-8c65136559cd","6/30/2014 12:00:00 AM"
"248","480951955","adventure-works\mike0","/4/2/7/","3","Accountant","7/1/1979 12:00:00 AM","S","M","3/8/2009 12:00:00 AM","True","59","49","True","ac35337d-7c75-4dee-bb11-6564f257fe18","6/30/2014 12:00:00 AM"
"249","121491555","adventure-works\wendy0","/4/3/","2","Finance Manager","10/11/1984 12:00:00 AM","S","F","12/25/2008 12:00:00 AM","True","55","47","True","8f410408-4aa8-4d67-886d-530bfe4ebe3b","6/30/2014 12:00:00 AM"
"250","895209680","adventure-works\sheela0","/4/3/1/","3","Purchasing Manager","2/10/1978 12:00:00 AM","S","F","2/25/2011 12:00:00 AM","True","49","44","True","7d6b0155-0191-4599-8394-378ebde63c9a","6/30/2014 12:00:00 AM"
"251","603686790","adventure-works\mikael0","/4/3/1/1/","4","Buyer","8/17/1984 12:00:00 AM","S","M","2/10/2009 12:00:00 AM","False","59","49","True","d0fd55ff-42fa-491e-8b3b-ab3316018909","6/30/2014 12:00:00 AM"
"252","792847334","adventure-works\arvind0","/4/3/1/2/","4","Buyer","8/21/1974 12:00:00 AM","M","M","2/28/2009 12:00:00 AM","False","60","50","True","51de26f0-6ed9-4a70-b689-88eb882674b6","6/30/2014 12:00:00 AM"
"253","407505660","adventure-works\linda2","/4/3/1/3/","4","Buyer","11/30/1970 12:00:00 AM","M","F","12/17/2009 12:00:00 AM","False","56","48","True","ed06f9f4-2123-4c44-89d7-e43e1e1abc2f","6/30/2014 12:00:00 AM"
"254","482810518","adventure-works\fukiko0","/4/3/1/4/","4","Buyer","11/24/1970 12:00:00 AM","M","M","1/4/2010 12:00:00 AM","False","57","48","True","36cd6636-c657-4fc7-9bfa-cc1bfa9102a2","6/30/2014 12:00:00 AM"
"255","466142721","adventure-works\gordon0","/4/3/1/5/","4","Buyer","11/29/1966 12:00:00 AM","M","M","1/11/2010 12:00:00 AM","False","52","46","True","2cb2d5c3-c437-49b1-9ffd-faa096f6126f","6/30/2014 12:00:00 AM"
"256","367453993","adventure-works\frank2","/4/3/1/6/","4","Buyer","5/12/1952 12:00:00 AM","M","M","1/23/2010 12:00:00 AM","False","58","49","True","0423d8d0-1b14-4718-8c17-85e2f98d222f","6/30/2014 12:00:00 AM"
"257","381073001","adventure-works\eric2","/4/3/1/7/","4","Buyer","9/17/1972 12:00:00 AM","S","M","1/27/2010 12:00:00 AM","False","54","47","True","a28ab377-06f5-417a-a5e2-59f459088699","6/30/2014 12:00:00 AM"
"258","785853949","adventure-works\erin0","/4/3/1/8/","4","Buyer","1/4/1971 12:00:00 AM","S","F","1/31/2010 12:00:00 AM","False","53","46","True","b60712a9-50a5-4296-b892-69c4701834b0","6/30/2014 12:00:00 AM"
"259","20269531","adventure-works\ben0","/4/3/1/9/","4","Buyer","6/3/1973 12:00:00 AM","M","M","3/9/2010 12:00:00 AM","False","55","47","True","b9641cae-765c-4662-b760-c167a1f2b8b5","6/30/2014 12:00:00 AM"
"260","437296311","adventure-works\annette0","/4/3/1/10/","4","Purchasing Assistant","1/29/1978 12:00:00 AM","M","F","12/6/2010 12:00:00 AM","False","50","45","True","9e03395f-4d5d-4a53-880e-174bd8c1db59","6/30/2014 12:00:00 AM"
"261","280633567","adventure-works\reinout0","/4/3/1/11/","4","Purchasing Assistant","1/17/1978 12:00:00 AM","M","M","12/25/2010 12:00:00 AM","False","51","45","True","9825eb00-8e36-4506-93a2-6ddcdc0b13c3","6/30/2014 12:00:00 AM"
"262","231203233","adventure-works\david5","/4/4/","2","Assistant to the Chief Financial Officer","6/21/1964 12:00:00 AM","S","M","1/12/2009 12:00:00 AM","False","56","48","True","be81fd77-428c-449f-ab79-48b1cdf53d6a","6/30/2014 12:00:00 AM"
"263","441044382","adventure-works\jean0","/5/","1","Information Services Manager","12/13/1975 12:00:00 AM","S","F","12/11/2008 12:00:00 AM","True","65","52","True","794a0b1f-c46a-401c-984d-008996fc7092","6/30/2014 12:00:00 AM"
"264","858323870","adventure-works\stephanie0","/5/1/","2","Network Manager","3/25/1984 12:00:00 AM","S","F","2/4/2009 12:00:00 AM","True","68","54","True","221cbb7b-8bae-452b-a16f-a67ebb3873c8","6/30/2014 12:00:00 AM"
"265","749389530","adventure-works\ashvini0","/5/1/1/","3","Network Administrator","3/27/1977 12:00:00 AM","S","M","12/4/2008 12:00:00 AM","False","70","55","True","2e680c1c-7c02-4343-9626-6f97273414c0","6/30/2014 12:00:00 AM"
"266","672243793","adventure-works\peter1","/5/1/2/","3","Network Administrator","5/28/1980 12:00:00 AM","S","M","2/23/2009 12:00:00 AM","False","69","54","True","86601e6a-6955-40fc-bb4a-1053a843ce99","6/30/2014 12:00:00 AM"
"267","58317344","adventure-works\karen1","/5/2/","2","Application Specialist","5/19/1978 12:00:00 AM","S","F","2/16/2009 12:00:00 AM","True","74","57","True","45c3d0f5-3332-419d-ad40-a98996bb5531","6/30/2014 12:00:00 AM"
"268","314747499","adventure-works\ramesh0","/5/3/","2","Application Specialist","3/13/1988 12:00:00 AM","S","M","2/3/2009 12:00:00 AM","True","73","56","True","be190269-4003-4d7f-809e-7b3fdc235da8","6/30/2014 12:00:00 AM"
"269","671089628","adventure-works\dan0","/5/4/","2","Application Specialist","5/26/1987 12:00:00 AM","M","M","1/11/2009 12:00:00 AM","True","72","56","True","71b0d010-5ac5-4e91-8efa-c311c1372a73","6/30/2014 12:00:00 AM"
"270","643805155","adventure-works\françois0","/5/5/","2","Database Administrator","5/17/1975 12:00:00 AM","S","M","1/17/2009 12:00:00 AM","True","67","53","True","0c7f025d-8d56-48ef-86c0-f09db63d0182","6/30/2014 12:00:00 AM"
"271","929666391","adventure-works\dan1","/5/6/","2","Database Administrator","1/6/1976 12:00:00 AM","M","M","1/22/2009 12:00:00 AM","True","66","53","True","2474e1a9-902d-466c-b0b2-6dcac927f753","6/30/2014 12:00:00 AM"
"272","525932996","adventure-works\janaina0","/5/7/","2","Application Specialist","1/30/1985 12:00:00 AM","M","F","12/23/2008 12:00:00 AM","True","71","55","True","241535c7-7a31-4a6a-9e0d-a83c30c2edda","6/30/2014 12:00:00 AM"
"273","112432117","adventure-works\brian3","/6/","1","Vice President of Sales","6/6/1977 12:00:00 AM","S","M","2/15/2011 12:00:00 AM","True","10","25","True","f3ec557c-8b41-4ee6-bb0c-e3b93aff81e5","6/30/2014 12:00:00 AM"
"274","502097814","adventure-works\stephen0","/6/1/","2","North American Sales Manager","10/17/1951 12:00:00 AM","M","M","1/4/2011 12:00:00 AM","True","14","27","True","86d5fa9e-4bc0-48c8-91dc-1ec467418d11","6/30/2014 12:00:00 AM"
"275","841560125","adventure-works\michael9","/6/1/1/","3","Sales Representative","12/25/1968 12:00:00 AM","S","M","5/31/2011 12:00:00 AM","True","38","39","True","e19f8de2-0f40-418c-84a2-db48b98dc6a2","6/30/2014 12:00:00 AM"
"276","191644724","adventure-works\linda3","/6/1/2/","3","Sales Representative","2/27/1980 12:00:00 AM","M","F","5/31/2011 12:00:00 AM","True","27","33","True","4509f387-d73a-43dc-a502-b1c27aa1dc9e","6/30/2014 12:00:00 AM"
"277","615389812","adventure-works\jillian0","/6/1/3/","3","Sales Representative","8/29/1962 12:00:00 AM","S","F","5/31/2011 12:00:00 AM","True","24","32","True","a011c97b-081c-4739-996f-c1cac4532f8d","6/30/2014 12:00:00 AM"
"278","234474252","adventure-works\garrett1","/6/1/4/","3","Sales Representative","2/4/1975 12:00:00 AM","M","M","5/31/2011 12:00:00 AM","True","33","36","True","50eecc16-0d0d-43a9-9649-016c06de8d78","6/30/2014 12:00:00 AM"
"279","716374314","adventure-works\tsvi0","/6/1/5/","3","Sales Representative","1/18/1974 12:00:00 AM","M","M","5/31/2011 12:00:00 AM","True","29","34","True","bb510fce-0105-4306-b591-6450d9ebf401","6/30/2014 12:00:00 AM"
"280","61161660","adventure-works\pamela0","/6/1/6/","3","Sales Representative","12/6/1974 12:00:00 AM","S","F","5/31/2011 12:00:00 AM","True","22","31","True","7627b9d6-0707-4706-9ad9-0d37506b08ae","6/30/2014 12:00:00 AM"
"281","139397894","adventure-works\shu0","/6/1/7/","3","Sales Representative","3/9/1968 12:00:00 AM","M","M","5/31/2011 12:00:00 AM","True","26","33","True","4103c891-37e8-4dfc-aeac-b55e2bc1be1c","6/30/2014 12:00:00 AM"
"282","399771412","adventure-works\josé1","/6/1/8/","3","Sales Representative","12/11/1963 12:00:00 AM","M","M","5/31/2011 12:00:00 AM","True","31","35","True","fd3992fb-3067-451d-a09d-73bd53c0feca","6/30/2014 12:00:00 AM"
"283","987554265","adventure-works\david8","/6/1/9/","3","Sales Representative","2/11/1974 12:00:00 AM","S","M","5/31/2011 12:00:00 AM","True","23","31","True","1e8f9e91-508f-4d49-acd2-775c836030ed","6/30/2014 12:00:00 AM"
"284","90836195","adventure-works\tete0","/6/1/10/","3","Sales Representative","1/5/1978 12:00:00 AM","M","M","9/30/2012 12:00:00 AM","True","39","39","True","0c67ce00-de78-4712-908f-06939a2c58d5","6/30/2014 12:00:00 AM"
"285","481044938","adventure-works\syed0","/6/2/","2","Pacific Sales Manager","1/11/1975 12:00:00 AM","M","M","3/14/2013 12:00:00 AM","True","20","30","True","86f292db-b73c-429d-9912-800994d809fb","6/30/2014 12:00:00 AM"
"286","758596752","adventure-works\lynn0","/6/2/1/","3","Sales Representative","2/14/1977 12:00:00 AM","S","F","5/30/2013 12:00:00 AM","True","36","38","True","4a9a8407-a680-4a6b-8d03-511cb58f9a8a","6/30/2014 12:00:00 AM"
"287","982310417","adventure-works\amy0","/6/3/","2","European Sales Manager","9/20/1957 12:00:00 AM","M","F","4/16/2012 12:00:00 AM","True","21","30","True","66d66445-ee78-4676-9e66-0e22d6109a92","6/30/2014 12:00:00 AM"
"288","954276278","adventure-works\rachel0","/6/3/1/","3","Sales Representative","7/9/1975 12:00:00 AM","S","F","5/30/2013 12:00:00 AM","True","35","37","True","b9bf7741-e0ca-4f37-acde-a4f78c6d03e9","6/30/2014 12:00:00 AM"
"289","668991357","adventure-works\jae0","/6/3/2/","3","Sales Representative","3/17/1968 12:00:00 AM","M","F","5/30/2012 12:00:00 AM","True","37","38","True","723a5921-d8a1-4659-9bc4-13c4cf7c9c91","6/30/2014 12:00:00 AM"
"290","134219713","adventure-works\ranjit0","/6/3/3/","3","Sales Representative","9/30/1975 12:00:00 AM","S","M","5/30/2012 12:00:00 AM","True","34","37","True","604213f9-dd0f-43b4-bdd2-c96e93d3f4bf","6/30/2014 12:00:00 AM"
