"ProductID","DocumentNode","ModifiedDate"
"317","/2/1/","12/29/2013 1:51:58 PM"
"318","/2/1/","12/29/2013 1:51:58 PM"
"319","/2/1/","12/29/2013 1:51:58 PM"
"506","/3/1/","12/29/2013 1:51:58 PM"
"506","/3/2/","12/29/2013 1:51:58 PM"
"514","/3/4/","12/29/2013 1:51:58 PM"
"515","/3/4/","12/29/2013 1:51:58 PM"
"516","/3/4/","12/29/2013 1:51:58 PM"
"517","/3/4/","12/29/2013 1:51:58 PM"
"518","/3/4/","12/29/2013 1:51:58 PM"
"519","/3/4/","12/29/2013 1:51:58 PM"
"520","/3/4/","12/29/2013 1:51:58 PM"
"521","/3/4/","12/29/2013 1:51:58 PM"
"522","/3/4/","12/29/2013 1:51:58 PM"
"928","/2/1/","12/29/2013 1:51:58 PM"
"929","/2/1/","12/29/2013 1:51:58 PM"
"930","/2/1/","12/29/2013 1:51:58 PM"
"931","/2/1/","12/29/2013 1:51:58 PM"
"932","/2/1/","12/29/2013 1:51:58 PM"
"933","/2/1/","12/29/2013 1:51:58 PM"
"934","/2/1/","12/29/2013 1:51:58 PM"
"935","/3/3/","12/29/2013 1:51:58 PM"
"936","/3/3/","12/29/2013 1:51:58 PM"
"937","/3/3/","12/29/2013 1:51:58 PM"
"938","/3/3/","12/29/2013 1:51:58 PM"
"939","/3/3/","12/29/2013 1:51:58 PM"
"940","/3/3/","12/29/2013 1:51:58 PM"
"941","/3/3/","12/29/2013 1:51:58 PM"
"977","/1/1/","12/29/2013 1:51:58 PM"
"997","/1/1/","12/29/2013 1:51:58 PM"
"998","/1/1/","12/29/2013 1:51:58 PM"
"999","/1/1/","12/29/2013 1:51:58 PM"
