"ProductID","BusinessEntityID","AverageLeadTime","StandardPrice","LastReceiptCost","LastReceiptDate","MinOrderQty","MaxOrderQty","OnOrderQty","UnitMeasureCode","ModifiedDate"
"1","1580","17","47.8700","50.2635","8/29/2011 12:00:00 AM","1","5","3","CS ","8/29/2011 12:00:00 AM"
"2","1688","19","39.9200","41.9160","8/29/2011 12:00:00 AM","1","5","3","CTN","8/29/2011 12:00:00 AM"
"4","1650","17","54.3100","57.0255","8/29/2011 12:00:00 AM","1","5","","CTN","8/29/2011 12:00:00 AM"
"317","1578","19","28.1700","29.5785","8/29/2011 12:00:00 AM","100","1000","300","EA ","8/29/2011 12:00:00 AM"
"317","1678","17","25.7700","27.0585","8/25/2011 12:00:00 AM","100","1000","","EA ","8/25/2011 12:00:00 AM"
"318","1578","19","34.3800","36.0990","8/29/2011 12:00:00 AM","100","1000","","EA ","8/29/2011 12:00:00 AM"
"318","1678","17","31.9800","33.5790","8/25/2011 12:00:00 AM","100","1000","300","EA ","8/25/2011 12:00:00 AM"
"319","1556","19","44.2100","46.4205","8/29/2011 12:00:00 AM","100","1000","300","EA ","8/29/2011 12:00:00 AM"
"319","1578","19","46.2700","48.5835","8/29/2011 12:00:00 AM","100","1000","","EA ","8/29/2011 12:00:00 AM"
"319","1678","17","43.8700","46.0635","8/25/2011 12:00:00 AM","100","1000","","EA ","8/25/2011 12:00:00 AM"
"320","1514","19","47.2800","49.6440","8/29/2011 12:00:00 AM","1","5","3","CAN","8/29/2011 12:00:00 AM"
"320","1602","17","45.2100","47.4705","8/19/2011 12:00:00 AM","1","5","","CAN","8/19/2011 12:00:00 AM"
"320","1604","17","43.2100","45.3705","8/25/2011 12:00:00 AM","1","5","","CAN","8/25/2011 12:00:00 AM"
"321","1514","19","42.2100","44.3205","8/29/2011 12:00:00 AM","1","5","","CAN","8/29/2011 12:00:00 AM"
"321","1602","17","40.7600","42.7980","8/19/2011 12:00:00 AM","1","5","","CAN","8/19/2011 12:00:00 AM"
"321","1604","17","38.5600","40.4880","8/25/2011 12:00:00 AM","1","5","","CAN","8/25/2011 12:00:00 AM"
"322","1514","19","27.3300","28.6965","8/24/2011 12:00:00 AM","20","100","","DZ ","8/24/2011 12:00:00 AM"
"322","1602","17","24.2100","25.4205","8/25/2011 12:00:00 AM","20","100","","DZ ","8/25/2011 12:00:00 AM"
"322","1604","17","25.1100","26.3655","8/25/2011 12:00:00 AM","20","100","","DZ ","8/25/2011 12:00:00 AM"
"323","1698","17","47.8700","50.2635","8/25/2011 12:00:00 AM","1","5","","CS ","8/25/2011 12:00:00 AM"
"325","1590","19","0.2000","0.2100","8/29/2011 12:00:00 AM","500","2000","","EA ","8/29/2011 12:00:00 AM"
"326","1590","19","0.2000","0.2100","8/29/2011 12:00:00 AM","500","2000","","EA ","8/29/2011 12:00:00 AM"
"332","1608","19","10.3000","10.8150","8/29/2011 12:00:00 AM","100","1000","","EA ","8/29/2011 12:00:00 AM"
"341","1598","15","39.2100","41.1705","8/26/2011 12:00:00 AM","1","5","3","CTN","8/26/2011 12:00:00 AM"
"341","1614","19","45.3100","47.5755","8/28/2011 12:00:00 AM","1","5","","CTN","8/28/2011 12:00:00 AM"
"341","1622","19","45.2100","47.4705","8/22/2011 12:00:00 AM","1","5","","CTN","8/22/2011 12:00:00 AM"
"342","1598","15","37.2100","39.0705","8/26/2011 12:00:00 AM","1","5","3","CTN","8/26/2011 12:00:00 AM"
"342","1614","19","43.3100","45.4755","8/28/2011 12:00:00 AM","1","5","","CTN","8/28/2011 12:00:00 AM"
"342","1622","19","43.2100","45.3705","8/22/2011 12:00:00 AM","1","5","","CTN","8/22/2011 12:00:00 AM"
"343","1598","15","41.2800","43.3440","8/26/2011 12:00:00 AM","1","5","","CTN","8/26/2011 12:00:00 AM"
"343","1614","19","47.3800","49.7490","8/28/2011 12:00:00 AM","1","5","","CTN","8/28/2011 12:00:00 AM"
"343","1622","19","47.2800","49.6440","8/22/2011 12:00:00 AM","1","5","","CTN","8/22/2011 12:00:00 AM"
"344","1598","15","37.2100","39.0705","8/7/2011 12:00:00 AM","1","5","3","CTN","8/7/2011 12:00:00 AM"
"344","1614","19","43.3100","45.4755","8/28/2011 12:00:00 AM","1","5","","CTN","8/28/2011 12:00:00 AM"
"344","1622","19","43.2100","45.3705","8/28/2011 12:00:00 AM","1","5","","CTN","8/28/2011 12:00:00 AM"
"345","1598","15","35.2100","36.9705","8/7/2011 12:00:00 AM","1","5","3","CTN","8/7/2011 12:00:00 AM"
"345","1614","19","41.3100","43.3755","8/28/2011 12:00:00 AM","1","5","","CTN","8/28/2011 12:00:00 AM"
"345","1622","19","41.2100","43.2705","8/28/2011 12:00:00 AM","1","5","","CTN","8/28/2011 12:00:00 AM"
"346","1598","15","39.2800","41.2440","8/13/2011 12:00:00 AM","1","5","","CTN","8/13/2011 12:00:00 AM"
"346","1614","19","45.3800","47.6490","8/28/2011 12:00:00 AM","1","5","","CTN","8/28/2011 12:00:00 AM"
"346","1622","19","45.2800","47.5440","8/28/2011 12:00:00 AM","1","5","","CTN","8/28/2011 12:00:00 AM"
"347","1598","15","35.2100","36.9705","8/13/2011 12:00:00 AM","1","5","3","CTN","8/13/2011 12:00:00 AM"
"347","1614","19","41.3100","43.3755","8/17/2011 12:00:00 AM","1","5","","CTN","8/17/2011 12:00:00 AM"
"347","1622","19","41.2100","43.2705","8/28/2011 12:00:00 AM","1","5","","CTN","8/28/2011 12:00:00 AM"
"348","1598","15","33.2100","34.8705","8/20/2011 12:00:00 AM","1","5","3","CTN","8/20/2011 12:00:00 AM"
"348","1614","19","39.3100","41.2755","8/17/2011 12:00:00 AM","1","5","","CTN","8/17/2011 12:00:00 AM"
"348","1622","19","39.2100","41.1705","8/28/2011 12:00:00 AM","1","5","","CTN","8/28/2011 12:00:00 AM"
"349","1598","15","37.2800","39.1440","8/20/2011 12:00:00 AM","1","5","3","CTN","8/20/2011 12:00:00 AM"
"349","1614","19","43.3800","45.5490","8/22/2011 12:00:00 AM","1","5","","CTN","8/22/2011 12:00:00 AM"
"349","1622","19","43.2800","45.4440","8/18/2011 12:00:00 AM","1","5","","CTN","8/18/2011 12:00:00 AM"
"351","1544","15","5.5000","5.7750","8/26/2011 12:00:00 AM","100","1000","","EA ","8/26/2011 12:00:00 AM"
"351","1694","15","5.9000","6.1950","8/26/2011 12:00:00 AM","100","1000","300","EA ","8/26/2011 12:00:00 AM"
"352","1544","15","1.1000","1.1550","8/26/2011 12:00:00 AM","100","1000","300","EA ","8/26/2011 12:00:00 AM"
"352","1694","15","1.4000","1.4700","8/26/2011 12:00:00 AM","100","1000","","EA ","8/26/2011 12:00:00 AM"
"355","1508","15","1.3000","1.3650","8/26/2011 12:00:00 AM","100","1000","300","EA ","8/26/2011 12:00:00 AM"
"356","1516","18","3.4300","3.6015","8/27/2011 12:00:00 AM","20","100","","PAK","8/27/2011 12:00:00 AM"
"356","1572","16","3.2200","3.3810","8/28/2011 12:00:00 AM","20","100","60","PAK","8/28/2011 12:00:00 AM"
"357","1516","18","3.7900","3.9795","8/27/2011 12:00:00 AM","20","100","","PAK","8/27/2011 12:00:00 AM"
"357","1572","16","4.1100","4.3155","8/28/2011 12:00:00 AM","20","100","60","PAK","8/28/2011 12:00:00 AM"
"358","1500","16","6.6500","6.9825","8/28/2011 12:00:00 AM","20","100","60","PAK","8/28/2011 12:00:00 AM"
"359","1496","17","45.4100","47.6805","8/29/2011 12:00:00 AM","1","5","3","CS ","8/29/2011 12:00:00 AM"
"359","1554","19","45.2600","47.5230","8/11/2011 12:00:00 AM","1","5","","CS ","8/11/2011 12:00:00 AM"
"360","1496","17","43.4100","45.5805","8/29/2011 12:00:00 AM","1","5","3","CS ","8/29/2011 12:00:00 AM"
"360","1554","19","43.2600","45.4230","8/11/2011 12:00:00 AM","1","5","","CS ","8/11/2011 12:00:00 AM"
"361","1496","17","47.4800","49.8540","8/5/2011 12:00:00 AM","1","5","","CS ","8/5/2011 12:00:00 AM"
"361","1554","19","47.3300","49.6965","8/18/2011 12:00:00 AM","1","5","","CS ","8/18/2011 12:00:00 AM"
"362","1496","17","43.4100","45.5805","8/5/2011 12:00:00 AM","1","5","3","CS ","8/5/2011 12:00:00 AM"
"362","1554","19","43.2600","45.4230","8/18/2011 12:00:00 AM","1","5","","CS ","8/18/2011 12:00:00 AM"
"363","1496","17","41.4100","43.4805","8/5/2011 12:00:00 AM","1","5","","CS ","8/5/2011 12:00:00 AM"
"363","1554","19","41.2600","43.3230","8/18/2011 12:00:00 AM","1","5","","CS ","8/18/2011 12:00:00 AM"
"364","1496","17","45.4800","47.7540","8/12/2011 12:00:00 AM","1","5","3","CS ","8/12/2011 12:00:00 AM"
"364","1554","19","45.3300","47.5965","8/24/2011 12:00:00 AM","1","5","","CS ","8/24/2011 12:00:00 AM"
"365","1496","17","41.4100","43.4805","8/12/2011 12:00:00 AM","1","5","","CS ","8/12/2011 12:00:00 AM"
"365","1554","19","41.2600","43.3230","8/24/2011 12:00:00 AM","1","5","","CS ","8/24/2011 12:00:00 AM"
"366","1496","17","39.4100","41.3805","8/12/2011 12:00:00 AM","1","5","3","CS ","8/12/2011 12:00:00 AM"
"366","1554","19","39.2600","41.2230","8/29/2011 12:00:00 AM","1","5","","CS ","8/29/2011 12:00:00 AM"
"367","1496","17","43.4800","45.6540","8/12/2011 12:00:00 AM","1","5","","CS ","8/12/2011 12:00:00 AM"
"367","1554","19","43.3300","45.4965","8/29/2011 12:00:00 AM","1","5","","CS ","8/29/2011 12:00:00 AM"
"368","1496","17","39.4100","41.3805","8/12/2011 12:00:00 AM","1","5","3","CS ","8/12/2011 12:00:00 AM"
"368","1554","19","39.2600","41.2230","8/29/2011 12:00:00 AM","1","5","","CS ","8/29/2011 12:00:00 AM"
"369","1496","17","37.4100","39.2805","8/12/2011 12:00:00 AM","1","5","3","CS ","8/12/2011 12:00:00 AM"
"369","1554","19","37.2600","39.1230","8/29/2011 12:00:00 AM","1","5","","CS ","8/29/2011 12:00:00 AM"
"370","1496","17","41.4800","43.5540","8/18/2011 12:00:00 AM","1","5","3","CS ","8/18/2011 12:00:00 AM"
"370","1554","19","41.3300","43.3965","7/30/2011 12:00:00 AM","1","5","","CS ","7/30/2011 12:00:00 AM"
"371","1496","17","37.4100","39.2805","8/18/2011 12:00:00 AM","1","5","","CS ","8/18/2011 12:00:00 AM"
"371","1554","19","37.2600","39.1230","7/30/2011 12:00:00 AM","1","5","","CS ","7/30/2011 12:00:00 AM"
"372","1496","17","35.4100","37.1805","8/18/2011 12:00:00 AM","1","5","3","CS ","8/18/2011 12:00:00 AM"
"372","1554","19","35.2600","37.0230","7/30/2011 12:00:00 AM","1","5","","CS ","7/30/2011 12:00:00 AM"
"373","1496","17","39.4800","41.4540","8/18/2011 12:00:00 AM","1","5","3","CS ","8/18/2011 12:00:00 AM"
"373","1554","19","39.3300","41.2965","7/30/2011 12:00:00 AM","1","5","","CS ","7/30/2011 12:00:00 AM"
"374","1496","17","35.4100","37.1805","8/24/2011 12:00:00 AM","1","5","3","CS ","8/24/2011 12:00:00 AM"
"374","1554","19","35.2600","37.0230","8/5/2011 12:00:00 AM","1","5","","CS ","8/5/2011 12:00:00 AM"
"375","1536","15","41.2800","43.3440","8/13/2011 12:00:00 AM","1","5","3","CTN","8/13/2011 12:00:00 AM"
"375","1562","16","41.2100","43.2705","8/10/2011 12:00:00 AM","1","5","","CTN","8/10/2011 12:00:00 AM"
"375","1656","16","41.2100","43.2705","7/29/2011 12:00:00 AM","1","5","","CTN","7/29/2011 12:00:00 AM"
"376","1536","15","37.2100","39.0705","8/13/2011 12:00:00 AM","1","5","","CTN","8/13/2011 12:00:00 AM"
"376","1562","16","39.2100","41.1705","8/10/2011 12:00:00 AM","1","5","","CTN","8/10/2011 12:00:00 AM"
"376","1656","16","45.2800","47.5440","7/29/2011 12:00:00 AM","1","5","","CTN","7/29/2011 12:00:00 AM"
"377","1536","15","35.2100","36.9705","8/20/2011 12:00:00 AM","1","5","3","CTN","8/20/2011 12:00:00 AM"
"377","1562","16","43.2800","45.4440","8/17/2011 12:00:00 AM","1","5","","CTN","8/17/2011 12:00:00 AM"
"377","1656","16","41.2100","43.2705","8/4/2011 12:00:00 AM","1","5","","CTN","8/4/2011 12:00:00 AM"
"378","1536","15","39.2800","41.2440","8/20/2011 12:00:00 AM","1","5","3","CTN","8/20/2011 12:00:00 AM"
"378","1562","16","39.2100","41.1705","8/17/2011 12:00:00 AM","1","5","","CTN","8/17/2011 12:00:00 AM"
"378","1656","16","39.2100","41.1705","8/4/2011 12:00:00 AM","1","5","","CTN","8/4/2011 12:00:00 AM"
"379","1536","15","35.2100","36.9705","8/20/2011 12:00:00 AM","1","5","","CTN","8/20/2011 12:00:00 AM"
"379","1562","16","37.2100","39.0705","8/17/2011 12:00:00 AM","1","5","","CTN","8/17/2011 12:00:00 AM"
"379","1656","16","43.2800","45.4440","8/4/2011 12:00:00 AM","1","5","","CTN","8/4/2011 12:00:00 AM"
"380","1536","15","41.1600","43.2180","8/26/2011 12:00:00 AM","1","5","3","CTN","8/26/2011 12:00:00 AM"
"380","1562","16","41.2800","43.3440","8/22/2011 12:00:00 AM","1","5","","CTN","8/22/2011 12:00:00 AM"
"380","1656","16","39.2100","41.1705","8/10/2011 12:00:00 AM","1","5","","CTN","8/10/2011 12:00:00 AM"
"381","1536","15","45.2300","47.4915","8/26/2011 12:00:00 AM","1","5","3","CTN","8/26/2011 12:00:00 AM"
"381","1562","16","37.2100","39.0705","8/22/2011 12:00:00 AM","1","5","","CTN","8/22/2011 12:00:00 AM"
"381","1656","16","37.2100","39.0705","8/10/2011 12:00:00 AM","1","5","","CTN","8/10/2011 12:00:00 AM"
"382","1536","15","41.2100","43.2705","8/1/2011 12:00:00 AM","1","5","3","CTN","8/1/2011 12:00:00 AM"
"382","1562","16","35.2100","36.9705","8/28/2011 12:00:00 AM","1","5","","CTN","8/28/2011 12:00:00 AM"
"383","1536","15","45.2800","47.5440","8/1/2011 12:00:00 AM","1","5","","CTN","8/1/2011 12:00:00 AM"
"383","1562","16","39.2800","41.2440","8/28/2011 12:00:00 AM","1","5","","CTN","8/28/2011 12:00:00 AM"
"384","1536","15","41.2100","43.2705","8/1/2011 12:00:00 AM","1","5","3","CTN","8/1/2011 12:00:00 AM"
"384","1562","16","35.2100","36.9705","8/28/2011 12:00:00 AM","1","5","","CTN","8/28/2011 12:00:00 AM"
"385","1536","15","39.2100","41.1705","8/7/2011 12:00:00 AM","1","5","","CTN","8/7/2011 12:00:00 AM"
"385","1562","16","41.1600","43.2180","8/28/2011 12:00:00 AM","1","5","","CTN","8/28/2011 12:00:00 AM"
"386","1536","15","43.2800","45.4440","8/7/2011 12:00:00 AM","1","5","3","CTN","8/7/2011 12:00:00 AM"
"386","1562","16","45.2300","47.4915","8/4/2011 12:00:00 AM","1","5","","CTN","8/4/2011 12:00:00 AM"
"387","1536","15","39.2100","41.1705","8/7/2011 12:00:00 AM","1","5","3","CTN","8/7/2011 12:00:00 AM"
"387","1562","16","41.2100","43.2705","8/4/2011 12:00:00 AM","1","5","","CTN","8/4/2011 12:00:00 AM"
"388","1536","15","37.2100","39.0705","8/7/2011 12:00:00 AM","1","5","3","CTN","8/7/2011 12:00:00 AM"
"388","1562","16","45.2800","47.5440","8/4/2011 12:00:00 AM","1","5","","CTN","8/4/2011 12:00:00 AM"
"389","1536","15","41.2800","43.3440","8/7/2011 12:00:00 AM","1","5","","CTN","8/7/2011 12:00:00 AM"
"389","1562","16","41.2100","43.2705","8/4/2011 12:00:00 AM","1","5","","CTN","8/4/2011 12:00:00 AM"
"390","1536","15","37.2100","39.0705","8/7/2011 12:00:00 AM","1","5","3","CTN","8/7/2011 12:00:00 AM"
"390","1562","16","39.2100","41.1705","8/4/2011 12:00:00 AM","1","5","","CTN","8/4/2011 12:00:00 AM"
"391","1536","15","35.2100","36.9705","8/7/2011 12:00:00 AM","1","5","3","CTN","8/7/2011 12:00:00 AM"
"391","1562","16","43.2800","45.4440","8/4/2011 12:00:00 AM","1","5","","CTN","8/4/2011 12:00:00 AM"
"392","1536","15","39.2800","41.2440","8/7/2011 12:00:00 AM","1","5","3","CTN","8/7/2011 12:00:00 AM"
"392","1562","16","39.2100","41.1705","8/4/2011 12:00:00 AM","1","5","","CTN","8/4/2011 12:00:00 AM"
"393","1536","15","35.2100","36.9705","8/7/2011 12:00:00 AM","1","5","","CTN","8/7/2011 12:00:00 AM"
"393","1562","16","37.2100","39.0705","8/4/2011 12:00:00 AM","1","5","","CTN","8/4/2011 12:00:00 AM"
"394","1536","15","41.1600","43.2180","8/7/2011 12:00:00 AM","1","5","3","CTN","8/7/2011 12:00:00 AM"
"394","1562","16","41.2800","43.3440","8/4/2011 12:00:00 AM","1","5","","CTN","8/4/2011 12:00:00 AM"
"395","1536","15","45.2300","47.4915","8/7/2011 12:00:00 AM","1","5","3","CTN","8/7/2011 12:00:00 AM"
"395","1562","16","37.2100","39.0705","8/4/2011 12:00:00 AM","1","5","","CTN","8/4/2011 12:00:00 AM"
"396","1536","15","41.2100","43.2705","8/7/2011 12:00:00 AM","1","5","","CTN","8/7/2011 12:00:00 AM"
"396","1562","16","35.2100","36.9705","8/4/2011 12:00:00 AM","1","5","","CTN","8/4/2011 12:00:00 AM"
"397","1536","15","45.2800","47.5440","8/7/2011 12:00:00 AM","1","5","","CTN","8/7/2011 12:00:00 AM"
"397","1562","16","39.2800","41.2440","8/4/2011 12:00:00 AM","1","5","","CTN","8/4/2011 12:00:00 AM"
"402","1648","15","45.2100","47.4705","8/26/2011 12:00:00 AM","1","5","3","CTN","8/26/2011 12:00:00 AM"
"403","1616","17","45.2100","47.4705","8/6/2011 12:00:00 AM","1","5","3","CAN","8/6/2011 12:00:00 AM"
"403","1672","15","43.2100","45.3705","8/20/2011 12:00:00 AM","1","5","3","CAN","8/20/2011 12:00:00 AM"
"403","1686","19","43.2800","45.4440","8/28/2011 12:00:00 AM","1","5","","CAN","8/28/2011 12:00:00 AM"
"404","1616","17","43.2100","45.3705","8/6/2011 12:00:00 AM","1","5","3","CAN","8/6/2011 12:00:00 AM"
"404","1672","15","47.2800","49.6440","8/20/2011 12:00:00 AM","1","5","3","CAN","8/20/2011 12:00:00 AM"
"404","1686","19","39.2100","41.1705","8/28/2011 12:00:00 AM","1","5","","CAN","8/28/2011 12:00:00 AM"
"405","1616","17","47.2800","49.6440","8/12/2011 12:00:00 AM","1","5","3","CAN","8/12/2011 12:00:00 AM"
"405","1672","15","43.2100","45.3705","8/20/2011 12:00:00 AM","1","5","3","CAN","8/20/2011 12:00:00 AM"
"405","1686","19","37.2100","39.0705","8/4/2011 12:00:00 AM","1","5","","CAN","8/4/2011 12:00:00 AM"
"406","1616","17","43.2100","45.3705","8/12/2011 12:00:00 AM","1","5","3","CAN","8/12/2011 12:00:00 AM"
"406","1672","15","41.2100","43.2705","8/20/2011 12:00:00 AM","1","5","3","CAN","8/20/2011 12:00:00 AM"
"406","1686","19","41.2800","43.3440","8/4/2011 12:00:00 AM","1","5","","CAN","8/4/2011 12:00:00 AM"
"407","1616","17","41.2100","43.2705","8/12/2011 12:00:00 AM","1","5","","CAN","8/12/2011 12:00:00 AM"
"407","1672","15","45.2800","47.5440","8/20/2011 12:00:00 AM","1","5","","CAN","8/20/2011 12:00:00 AM"
"407","1686","19","37.2100","39.0705","8/4/2011 12:00:00 AM","1","5","","CAN","8/4/2011 12:00:00 AM"
"408","1616","17","45.2800","47.5440","8/19/2011 12:00:00 AM","1","5","3","CAN","8/19/2011 12:00:00 AM"
"408","1672","15","41.2100","43.2705","8/20/2011 12:00:00 AM","1","5","3","CAN","8/20/2011 12:00:00 AM"
"408","1686","19","35.2100","36.9705","8/10/2011 12:00:00 AM","1","5","","CAN","8/10/2011 12:00:00 AM"
"409","1616","17","41.2100","43.2705","8/19/2011 12:00:00 AM","1","5","3","CAN","8/19/2011 12:00:00 AM"
"409","1672","15","39.2100","41.1705","8/26/2011 12:00:00 AM","1","5","3","CAN","8/26/2011 12:00:00 AM"
"409","1686","19","39.2800","41.2440","8/10/2011 12:00:00 AM","1","5","","CAN","8/10/2011 12:00:00 AM"
"410","1616","17","39.2100","41.1705","8/25/2011 12:00:00 AM","1","5","3","CAN","8/25/2011 12:00:00 AM"
"410","1686","19","35.2100","36.9705","8/10/2011 12:00:00 AM","1","5","","CAN","8/10/2011 12:00:00 AM"
"411","1616","17","43.2800","45.4440","8/25/2011 12:00:00 AM","1","5","","CAN","8/25/2011 12:00:00 AM"
"411","1686","19","33.2100","34.8705","8/10/2011 12:00:00 AM","1","5","","CAN","8/10/2011 12:00:00 AM"
"412","1616","17","39.2100","41.1705","8/25/2011 12:00:00 AM","1","5","3","CAN","8/25/2011 12:00:00 AM"
"412","1686","19","37.2800","39.1440","8/10/2011 12:00:00 AM","1","5","","CAN","8/10/2011 12:00:00 AM"
"413","1616","17","37.2100","39.0705","8/25/2011 12:00:00 AM","1","5","","CAN","8/25/2011 12:00:00 AM"
"413","1686","19","45.3100","47.5755","8/10/2011 12:00:00 AM","1","5","","CAN","8/10/2011 12:00:00 AM"
"414","1616","17","41.2800","43.3440","7/24/2011 12:00:00 AM","1","5","3","CAN","7/24/2011 12:00:00 AM"
"414","1686","19","43.3100","45.4755","8/17/2011 12:00:00 AM","1","5","","CAN","8/17/2011 12:00:00 AM"
"415","1616","17","37.2100","39.0705","7/24/2011 12:00:00 AM","1","5","3","CAN","7/24/2011 12:00:00 AM"
"415","1686","19","47.3800","49.7490","8/17/2011 12:00:00 AM","1","5","","CAN","8/17/2011 12:00:00 AM"
"416","1616","17","35.2100","36.9705","7/24/2011 12:00:00 AM","1","5","3","CAN","7/24/2011 12:00:00 AM"
"416","1686","19","43.3100","45.4755","8/17/2011 12:00:00 AM","1","5","","CAN","8/17/2011 12:00:00 AM"
"417","1616","17","39.2800","41.2440","7/24/2011 12:00:00 AM","1","5","","CAN","7/24/2011 12:00:00 AM"
"417","1686","19","41.3100","43.3755","8/17/2011 12:00:00 AM","1","5","","CAN","8/17/2011 12:00:00 AM"
"418","1616","17","35.2100","36.9705","7/31/2011 12:00:00 AM","1","5","3","CAN","7/31/2011 12:00:00 AM"
"418","1686","19","45.3800","47.6490","8/22/2011 12:00:00 AM","1","5","","CAN","8/22/2011 12:00:00 AM"
"419","1616","17","33.2100","34.8705","7/31/2011 12:00:00 AM","1","5","3","CAN","7/31/2011 12:00:00 AM"
"419","1686","19","41.3100","43.3755","8/22/2011 12:00:00 AM","1","5","","CAN","8/22/2011 12:00:00 AM"
"420","1616","17","37.2800","39.1440","7/31/2011 12:00:00 AM","1","5","3","CAN","7/31/2011 12:00:00 AM"
"420","1686","19","39.3100","41.2755","8/22/2011 12:00:00 AM","1","5","","CAN","8/22/2011 12:00:00 AM"
"421","1616","17","45.3100","47.5755","7/31/2011 12:00:00 AM","1","5","3","CAN","7/31/2011 12:00:00 AM"
"421","1686","19","43.3800","45.5490","8/22/2011 12:00:00 AM","1","5","","CAN","8/22/2011 12:00:00 AM"
"422","1492","17","45.2600","47.5230","8/12/2011 12:00:00 AM","1","5","","CTN","8/12/2011 12:00:00 AM"
"422","1534","19","45.4100","47.6805","8/17/2011 12:00:00 AM","1","5","","CTN","8/17/2011 12:00:00 AM"
"422","1666","16","45.4100","47.6805","8/21/2011 12:00:00 AM","1","5","","CTN","8/21/2011 12:00:00 AM"
"423","1492","17","43.2600","45.4230","8/12/2011 12:00:00 AM","1","5","","CTN","8/12/2011 12:00:00 AM"
"423","1534","19","43.4100","45.5805","8/17/2011 12:00:00 AM","1","5","","CTN","8/17/2011 12:00:00 AM"
"423","1666","16","43.4100","45.5805","8/21/2011 12:00:00 AM","1","5","","CTN","8/21/2011 12:00:00 AM"
"424","1492","17","47.3300","49.6965","8/19/2011 12:00:00 AM","1","5","","CTN","8/19/2011 12:00:00 AM"
"424","1534","19","47.4800","49.8540","8/17/2011 12:00:00 AM","1","5","","CTN","8/17/2011 12:00:00 AM"
"424","1666","16","47.4800","49.8540","8/27/2011 12:00:00 AM","1","5","","CTN","8/27/2011 12:00:00 AM"
"425","1492","17","43.2600","45.4230","8/19/2011 12:00:00 AM","1","5","","CTN","8/19/2011 12:00:00 AM"
"425","1534","19","43.4100","45.5805","8/17/2011 12:00:00 AM","1","5","","CTN","8/17/2011 12:00:00 AM"
"425","1666","16","43.4100","45.5805","8/27/2011 12:00:00 AM","1","5","","CTN","8/27/2011 12:00:00 AM"
"426","1492","17","41.2600","43.3230","8/19/2011 12:00:00 AM","1","5","","CTN","8/19/2011 12:00:00 AM"
"426","1534","19","41.4100","43.4805","8/17/2011 12:00:00 AM","1","5","","CTN","8/17/2011 12:00:00 AM"
"426","1666","16","41.4100","43.4805","8/27/2011 12:00:00 AM","1","5","","CTN","8/27/2011 12:00:00 AM"
"427","1492","17","45.3300","47.5965","8/25/2011 12:00:00 AM","1","5","","CTN","8/25/2011 12:00:00 AM"
"427","1534","19","45.4800","47.7540","8/22/2011 12:00:00 AM","1","5","","CTN","8/22/2011 12:00:00 AM"
"427","1666","16","45.4800","47.7540","8/3/2011 12:00:00 AM","1","5","","CTN","8/3/2011 12:00:00 AM"
"428","1492","17","41.2600","43.3230","8/25/2011 12:00:00 AM","1","5","","CTN","8/25/2011 12:00:00 AM"
"428","1534","19","41.4100","43.4805","8/22/2011 12:00:00 AM","1","5","","CTN","8/22/2011 12:00:00 AM"
"428","1666","16","41.4100","43.4805","8/3/2011 12:00:00 AM","1","5","","CTN","8/3/2011 12:00:00 AM"
"429","1492","17","39.2600","41.2230","7/24/2011 12:00:00 AM","1","5","","CTN","7/24/2011 12:00:00 AM"
"429","1534","19","39.4100","41.3805","8/22/2011 12:00:00 AM","1","5","","CTN","8/22/2011 12:00:00 AM"
"429","1666","16","39.4100","41.3805","8/3/2011 12:00:00 AM","1","5","","CTN","8/3/2011 12:00:00 AM"
"430","1492","17","43.3300","45.4965","7/24/2011 12:00:00 AM","1","5","","CTN","7/24/2011 12:00:00 AM"
"430","1534","19","43.4800","45.6540","8/22/2011 12:00:00 AM","1","5","","CTN","8/22/2011 12:00:00 AM"
"430","1666","16","43.4800","45.6540","8/3/2011 12:00:00 AM","1","5","","CTN","8/3/2011 12:00:00 AM"
"431","1492","17","39.2600","41.2230","7/24/2011 12:00:00 AM","1","5","","CTN","7/24/2011 12:00:00 AM"
"431","1534","19","39.4100","41.3805","8/22/2011 12:00:00 AM","1","5","","CTN","8/22/2011 12:00:00 AM"
"431","1666","16","39.4100","41.3805","8/3/2011 12:00:00 AM","1","5","","CTN","8/3/2011 12:00:00 AM"
"432","1492","17","37.2600","39.1230","7/24/2011 12:00:00 AM","1","5","","CTN","7/24/2011 12:00:00 AM"
"432","1534","19","37.4100","39.2805","8/22/2011 12:00:00 AM","1","5","","CTN","8/22/2011 12:00:00 AM"
"432","1666","16","37.4100","39.2805","8/3/2011 12:00:00 AM","1","5","","CTN","8/3/2011 12:00:00 AM"
"433","1492","17","41.3300","43.3965","7/31/2011 12:00:00 AM","1","5","","CTN","7/31/2011 12:00:00 AM"
"433","1534","19","41.4800","43.5540","8/28/2011 12:00:00 AM","1","5","","CTN","8/28/2011 12:00:00 AM"
"433","1666","16","41.4800","43.5540","8/10/2011 12:00:00 AM","1","5","","CTN","8/10/2011 12:00:00 AM"
"434","1492","17","37.2600","39.1230","7/31/2011 12:00:00 AM","1","5","","CTN","7/31/2011 12:00:00 AM"
"434","1534","19","37.4100","39.2805","8/28/2011 12:00:00 AM","1","5","","CTN","8/28/2011 12:00:00 AM"
"434","1666","16","37.4100","39.2805","8/10/2011 12:00:00 AM","1","5","","CTN","8/10/2011 12:00:00 AM"
"435","1492","17","35.2600","37.0230","7/31/2011 12:00:00 AM","1","5","","CTN","7/31/2011 12:00:00 AM"
"435","1534","19","35.4100","37.1805","8/28/2011 12:00:00 AM","1","5","","CTN","8/28/2011 12:00:00 AM"
"435","1666","16","35.4100","37.1805","8/10/2011 12:00:00 AM","1","5","","CTN","8/10/2011 12:00:00 AM"
"436","1492","17","39.3300","41.2965","7/31/2011 12:00:00 AM","1","5","","CTN","7/31/2011 12:00:00 AM"
"436","1534","19","39.4800","41.4540","8/28/2011 12:00:00 AM","1","5","","CTN","8/28/2011 12:00:00 AM"
"436","1666","16","39.4800","41.4540","8/10/2011 12:00:00 AM","1","5","","CTN","8/10/2011 12:00:00 AM"
"437","1492","17","35.2600","37.0230","8/6/2011 12:00:00 AM","1","5","","CTN","8/6/2011 12:00:00 AM"
"437","1534","19","35.4100","37.1805","8/10/2011 12:00:00 AM","1","5","","CTN","8/10/2011 12:00:00 AM"
"437","1666","16","35.4100","37.1805","8/17/2011 12:00:00 AM","1","5","","CTN","8/17/2011 12:00:00 AM"
"438","1540","17","39.2600","41.2230","8/25/2011 12:00:00 AM","1","5","","CTN","8/25/2011 12:00:00 AM"
"438","1656","16","45.4100","47.6805","8/17/2011 12:00:00 AM","1","5","","CTN","8/17/2011 12:00:00 AM"
"439","1540","17","43.3300","45.4965","8/25/2011 12:00:00 AM","1","5","","CTN","8/25/2011 12:00:00 AM"
"439","1656","16","43.4100","45.5805","8/17/2011 12:00:00 AM","1","5","","CTN","8/17/2011 12:00:00 AM"
"440","1540","17","39.2600","41.2230","8/6/2011 12:00:00 AM","1","5","","CTN","8/6/2011 12:00:00 AM"
"440","1656","16","47.4800","49.8540","8/17/2011 12:00:00 AM","1","5","","CTN","8/17/2011 12:00:00 AM"
"441","1540","17","37.2600","39.1230","8/6/2011 12:00:00 AM","1","5","","CTN","8/6/2011 12:00:00 AM"
"441","1656","16","43.4100","45.5805","8/17/2011 12:00:00 AM","1","5","","CTN","8/17/2011 12:00:00 AM"
"442","1540","17","41.3300","43.3965","8/6/2011 12:00:00 AM","1","5","","CTN","8/6/2011 12:00:00 AM"
"442","1656","16","41.4100","43.4805","8/22/2011 12:00:00 AM","1","5","","CTN","8/22/2011 12:00:00 AM"
"443","1540","17","37.2600","39.1230","8/6/2011 12:00:00 AM","1","5","","CTN","8/6/2011 12:00:00 AM"
"443","1656","16","45.4800","47.7540","8/22/2011 12:00:00 AM","1","5","","CTN","8/22/2011 12:00:00 AM"
"444","1540","17","35.2600","37.0230","8/12/2011 12:00:00 AM","1","5","","CTN","8/12/2011 12:00:00 AM"
"444","1656","16","41.4100","43.4805","8/22/2011 12:00:00 AM","1","5","","CTN","8/22/2011 12:00:00 AM"
"445","1540","17","39.3300","41.2965","8/12/2011 12:00:00 AM","1","5","","CTN","8/12/2011 12:00:00 AM"
"445","1656","16","39.4100","41.3805","8/28/2011 12:00:00 AM","1","5","","CTN","8/28/2011 12:00:00 AM"
"446","1540","17","35.2600","37.0230","8/12/2011 12:00:00 AM","1","5","","CTN","8/12/2011 12:00:00 AM"
"446","1656","16","43.4800","45.6540","8/28/2011 12:00:00 AM","1","5","","CTN","8/28/2011 12:00:00 AM"
"447","1540","17","45.4100","47.6805","8/12/2011 12:00:00 AM","1","5","","CTN","8/12/2011 12:00:00 AM"
"447","1656","16","39.4100","41.3805","8/28/2011 12:00:00 AM","1","5","","CTN","8/28/2011 12:00:00 AM"
"448","1540","17","43.4100","45.5805","8/19/2011 12:00:00 AM","1","5","","CTN","8/19/2011 12:00:00 AM"
"448","1656","16","37.4100","39.2805","8/28/2011 12:00:00 AM","1","5","","CTN","8/28/2011 12:00:00 AM"
"449","1540","17","47.4800","49.8540","8/19/2011 12:00:00 AM","1","5","","CTN","8/19/2011 12:00:00 AM"
"449","1656","16","41.4800","43.5540","8/28/2011 12:00:00 AM","1","5","","CTN","8/28/2011 12:00:00 AM"
"450","1540","17","43.4100","45.5805","8/19/2011 12:00:00 AM","1","5","","CTN","8/19/2011 12:00:00 AM"
"450","1656","16","37.4100","39.2805","7/22/2011 12:00:00 AM","1","5","","CTN","7/22/2011 12:00:00 AM"
"451","1540","17","41.4100","43.4805","8/19/2011 12:00:00 AM","1","5","","CTN","8/19/2011 12:00:00 AM"
"451","1656","16","35.4100","37.1805","7/22/2011 12:00:00 AM","1","5","","CTN","7/22/2011 12:00:00 AM"
"452","1540","17","45.4800","47.7540","8/19/2011 12:00:00 AM","1","5","","CTN","8/19/2011 12:00:00 AM"
"452","1656","16","39.4800","41.4540","7/22/2011 12:00:00 AM","1","5","","CTN","7/22/2011 12:00:00 AM"
"453","1540","17","41.4100","43.4805","8/19/2011 12:00:00 AM","1","5","","CTN","8/19/2011 12:00:00 AM"
"453","1656","16","35.4100","37.1805","7/22/2011 12:00:00 AM","1","5","","CTN","7/22/2011 12:00:00 AM"
"454","1540","17","39.4100","41.3805","8/19/2011 12:00:00 AM","1","5","","CTN","8/19/2011 12:00:00 AM"
"454","1656","16","45.2600","47.5230","7/22/2011 12:00:00 AM","1","5","","CTN","7/22/2011 12:00:00 AM"
"455","1540","17","43.4800","45.6540","8/19/2011 12:00:00 AM","1","5","","CTN","8/19/2011 12:00:00 AM"
"455","1656","16","43.2600","45.4230","7/22/2011 12:00:00 AM","1","5","","CTN","7/22/2011 12:00:00 AM"
"456","1540","17","39.4100","41.3805","8/19/2011 12:00:00 AM","1","5","","CTN","8/19/2011 12:00:00 AM"
"456","1656","16","47.3300","49.6965","7/22/2011 12:00:00 AM","1","5","","CTN","7/22/2011 12:00:00 AM"
"457","1540","17","37.4100","39.2805","8/19/2011 12:00:00 AM","1","5","","CTN","8/19/2011 12:00:00 AM"
"457","1656","16","43.2600","45.4230","7/22/2011 12:00:00 AM","1","5","","CTN","7/22/2011 12:00:00 AM"
"458","1540","17","41.4800","43.5540","8/19/2011 12:00:00 AM","1","5","","CTN","8/19/2011 12:00:00 AM"
"458","1656","16","41.2600","43.3230","7/22/2011 12:00:00 AM","1","5","","CTN","7/22/2011 12:00:00 AM"
"459","1540","17","37.4100","39.2805","8/19/2011 12:00:00 AM","1","5","","CTN","8/19/2011 12:00:00 AM"
"459","1656","16","45.3300","47.5965","7/22/2011 12:00:00 AM","1","5","","CTN","7/22/2011 12:00:00 AM"
"460","1540","17","35.4100","37.1805","8/19/2011 12:00:00 AM","1","5","","CTN","8/19/2011 12:00:00 AM"
"460","1656","16","41.2600","43.3230","7/22/2011 12:00:00 AM","1","5","","CTN","7/22/2011 12:00:00 AM"
"461","1540","17","39.4800","41.4540","8/19/2011 12:00:00 AM","1","5","","DZ ","8/19/2011 12:00:00 AM"
"462","1510","18","45.4100","47.6805","8/27/2011 12:00:00 AM","1","5","3","CS ","8/27/2011 12:00:00 AM"
"463","1582","18","45.2600","47.5230","8/27/2011 12:00:00 AM","1","5","","CAN","8/27/2011 12:00:00 AM"
"464","1582","18","43.2600","45.4230","8/27/2011 12:00:00 AM","1","5","","CAN","8/27/2011 12:00:00 AM"
"465","1582","18","47.3300","49.6965","8/27/2011 12:00:00 AM","1","5","","CAN","8/27/2011 12:00:00 AM"
"466","1582","18","43.2600","45.4230","8/27/2011 12:00:00 AM","1","5","","CAN","8/27/2011 12:00:00 AM"
"467","1582","18","41.2600","43.3230","8/8/2011 12:00:00 AM","1","5","","CAN","8/8/2011 12:00:00 AM"
"468","1582","18","45.3300","47.5965","8/14/2011 12:00:00 AM","1","5","","CAN","8/14/2011 12:00:00 AM"
"469","1582","18","41.2600","43.3230","8/14/2011 12:00:00 AM","1","5","","CAN","8/14/2011 12:00:00 AM"
"470","1582","18","39.2600","41.2230","8/14/2011 12:00:00 AM","1","5","","CAN","8/14/2011 12:00:00 AM"
"471","1582","18","43.3300","45.4965","8/14/2011 12:00:00 AM","1","5","","CAN","8/14/2011 12:00:00 AM"
"472","1582","18","39.2600","41.2230","8/14/2011 12:00:00 AM","1","5","","CAN","8/14/2011 12:00:00 AM"
"473","1582","18","37.2600","39.1230","8/21/2011 12:00:00 AM","1","5","","CAN","8/21/2011 12:00:00 AM"
"474","1582","18","41.3300","43.3965","8/21/2011 12:00:00 AM","1","5","","CAN","8/21/2011 12:00:00 AM"
"475","1582","18","37.2600","39.1230","8/21/2011 12:00:00 AM","1","5","","CAN","8/21/2011 12:00:00 AM"
"476","1568","15","15.1300","15.8865","8/20/2011 12:00:00 AM","100","1000","300","EA ","8/20/2011 12:00:00 AM"
"477","1568","15","11.1100","11.6655","8/20/2011 12:00:00 AM","100","1000","300","EA ","8/20/2011 12:00:00 AM"
"478","1568","15","10.5600","11.0880","8/26/2011 12:00:00 AM","100","1000","","EA ","8/26/2011 12:00:00 AM"
"479","1568","15","15.1300","15.8865","8/26/2011 12:00:00 AM","100","1000","300","EA ","8/26/2011 12:00:00 AM"
"480","1568","15","11.1100","11.6655","8/26/2011 12:00:00 AM","100","1000","","EA ","8/26/2011 12:00:00 AM"
"481","1568","15","10.5600","11.0880","8/13/2011 12:00:00 AM","100","1000","300","EA ","8/13/2011 12:00:00 AM"
"482","1568","15","8.3400","8.7570","8/13/2011 12:00:00 AM","100","1000","300","EA ","8/13/2011 12:00:00 AM"
"483","1568","15","9.2300","9.6915","8/13/2011 12:00:00 AM","100","1000","","EA ","8/13/2011 12:00:00 AM"
"484","1568","15","6.5500","6.8775","8/13/2011 12:00:00 AM","100","1000","300","EA ","8/13/2011 12:00:00 AM"
"485","1568","15","7.4300","7.8015","8/13/2011 12:00:00 AM","100","1000","300","EA ","8/13/2011 12:00:00 AM"
"486","1568","15","8.3400","8.7570","8/13/2011 12:00:00 AM","100","1000","","EA ","8/13/2011 12:00:00 AM"
"487","1568","15","5.5300","5.8065","8/13/2011 12:00:00 AM","100","1000","300","EA ","8/13/2011 12:00:00 AM"
"488","1568","15","8.4400","8.8620","8/13/2011 12:00:00 AM","100","1000","300","EA ","8/13/2011 12:00:00 AM"
"489","1568","15","9.9700","10.4685","8/13/2011 12:00:00 AM","100","1000","","EA ","8/13/2011 12:00:00 AM"
"490","1592","16","12.1100","12.7155","8/27/2011 12:00:00 AM","1","5","","CAN","8/27/2011 12:00:00 AM"
"490","1662","16","11.7700","12.3585","8/28/2011 12:00:00 AM","1","5","","CAN","8/28/2011 12:00:00 AM"
"491","1548","15","19.0300","19.9815","8/26/2011 12:00:00 AM","1","5","3","CAN","8/26/2011 12:00:00 AM"
"491","1592","16","18.9900","19.9395","8/27/2011 12:00:00 AM","1","5","","CAN","8/27/2011 12:00:00 AM"
"492","1584","16","48.3300","50.7465","8/21/2011 12:00:00 AM","20","100","","GAL","8/21/2011 12:00:00 AM"
"492","1692","17","47.8700","50.2635","8/19/2011 12:00:00 AM","20","100","60","GAL","8/19/2011 12:00:00 AM"
"493","1584","16","55.4900","58.2645","8/21/2011 12:00:00 AM","20","100","","GAL","8/21/2011 12:00:00 AM"
"493","1692","17","54.4300","57.1515","8/19/2011 12:00:00 AM","20","100","","GAL","8/19/2011 12:00:00 AM"
"494","1584","16","48.3300","50.7465","8/27/2011 12:00:00 AM","20","100","","GAL","8/27/2011 12:00:00 AM"
"494","1692","17","50.6700","53.2035","8/25/2011 12:00:00 AM","20","100","60","GAL","8/25/2011 12:00:00 AM"
"495","1584","16","59.9300","62.9265","8/27/2011 12:00:00 AM","20","100","","GAL","8/27/2011 12:00:00 AM"
"495","1692","17","60.6600","63.6930","8/25/2011 12:00:00 AM","20","100","","GAL","8/25/2011 12:00:00 AM"
"496","1584","16","47.2900","49.6545","8/27/2011 12:00:00 AM","20","100","","GAL","8/27/2011 12:00:00 AM"
"496","1692","17","46.5800","48.9090","8/25/2011 12:00:00 AM","20","100","","GAL","8/25/2011 12:00:00 AM"
"497","1566","17","32.5600","34.1880","8/25/2011 12:00:00 AM","1","5","3","CS ","8/25/2011 12:00:00 AM"
"504","1690","17","46.4400","48.7620","8/25/2011 12:00:00 AM","1","5","3","CS ","8/25/2011 12:00:00 AM"
"505","1612","16","42.1100","44.2155","8/28/2011 12:00:00 AM","1","5","3","CS ","8/28/2011 12:00:00 AM"
"506","1504","15","8.7600","9.1980","8/26/2011 12:00:00 AM","20","100","60","DZ ","8/26/2011 12:00:00 AM"
"507","1530","15","22.2800","23.3940","8/26/2011 12:00:00 AM","100","1000","","EA ","8/26/2011 12:00:00 AM"
"507","1624","15","21.1100","22.1655","8/26/2011 12:00:00 AM","100","1000","","EA ","8/26/2011 12:00:00 AM"
"508","1530","15","26.3300","27.6465","8/26/2011 12:00:00 AM","100","1000","","EA ","8/26/2011 12:00:00 AM"
"508","1624","15","27.8900","29.2845","8/26/2011 12:00:00 AM","100","1000","","EA ","8/26/2011 12:00:00 AM"
"509","1680","16","34.5500","36.2775","8/27/2011 12:00:00 AM","100","1000","","EA ","8/27/2011 12:00:00 AM"
"510","1526","18","22.2900","23.4045","8/27/2011 12:00:00 AM","100","1000","","EA ","8/27/2011 12:00:00 AM"
"510","1646","15","21.9800","23.0790","8/26/2011 12:00:00 AM","100","1000","300","EA ","8/26/2011 12:00:00 AM"
"511","1526","18","26.5400","27.8670","8/27/2011 12:00:00 AM","100","1000","","EA ","8/27/2011 12:00:00 AM"
"511","1646","15","27.8800","29.2740","8/26/2011 12:00:00 AM","100","1000","300","EA ","8/26/2011 12:00:00 AM"
"512","1646","15","33.3100","34.9755","8/26/2011 12:00:00 AM","100","1000","300","EA ","8/26/2011 12:00:00 AM"
"512","1654","17","35.3200","37.0860","8/25/2011 12:00:00 AM","100","1000","","EA ","8/25/2011 12:00:00 AM"
"513","1664","17","25.3300","26.5965","8/25/2011 12:00:00 AM","100","1000","","EA ","8/25/2011 12:00:00 AM"
"513","1682","19","37.3300","39.1965","8/28/2011 12:00:00 AM","100","1000","","EA ","8/28/2011 12:00:00 AM"
"523","1560","17","10.2200","10.7310","8/25/2011 12:00:00 AM","100","1000","300","EA ","8/25/2011 12:00:00 AM"
"523","1620","16","9.8900","10.3845","8/27/2011 12:00:00 AM","100","1000","","EA ","8/27/2011 12:00:00 AM"
"524","1560","17","13.4500","14.1225","8/25/2011 12:00:00 AM","100","1000","300","EA ","8/25/2011 12:00:00 AM"
"524","1626","18","12.3500","12.9675","8/27/2011 12:00:00 AM","100","1000","","EA ","8/27/2011 12:00:00 AM"
"525","1600","15","2.2100","2.3205","8/26/2011 12:00:00 AM","100","1000","","EA ","8/26/2011 12:00:00 AM"
"526","1522","15","3.4700","3.6435","8/26/2011 12:00:00 AM","100","1000","","EA ","8/26/2011 12:00:00 AM"
"527","1644","18","6.4300","6.7515","8/27/2011 12:00:00 AM","100","1000","","DZ ","8/27/2011 12:00:00 AM"
"528","1618","16","36.3400","38.1570","8/28/2011 12:00:00 AM","1","5","","CTN","8/28/2011 12:00:00 AM"
"530","1494","17","15.3200","16.0860","8/29/2011 12:00:00 AM","100","1000","","EA ","8/29/2011 12:00:00 AM"
"535","1508","15","3.3200","3.4860","8/26/2011 12:00:00 AM","100","1000","","EA ","8/26/2011 12:00:00 AM"
"679","1544","15","5.5000","5.7750","8/20/2011 12:00:00 AM","100","1000","300","EA ","8/20/2011 12:00:00 AM"
"679","1694","15","5.9000","6.1950","8/26/2011 12:00:00 AM","100","1000","300","EA ","8/26/2011 12:00:00 AM"
"707","1520","30","13.2500","13.0863","3/13/2014 12:00:00 AM","4","200","25","EA ","8/12/2015 12:20:28 PM"
"708","1520","30","13.2500","13.0863","9/22/2014 12:00:00 AM","4","200","25","EA ","8/12/2015 12:20:28 PM"
"709","1574","12","3.1000","3.4000","10/22/2014 12:00:00 AM","100","500","150","EA ","8/12/2015 12:20:28 PM"
"710","1574","12","3.1200","3.4000","10/22/2014 12:00:00 AM","100","500","150","EA ","8/12/2015 12:20:28 PM"
"711","1520","45","13.8800","13.0800","7/2/2014 12:00:00 AM","50","750","300","EA ","8/12/2015 12:20:28 PM"
"712","1636","45","6.5500","6.9200","6/13/2014 12:00:00 AM","100","1000","630","EA ","8/12/2015 12:20:28 PM"
"713","1636","45","37.4500","38.4900","12/3/2013 12:00:00 AM","100","1000","600","EA ","8/12/2015 12:20:28 PM"
"714","1636","45","37.8000","38.4900","12/3/2013 12:00:00 AM","100","1000","350","EA ","8/12/2015 12:20:28 PM"
"715","1636","45","37.8000","38.4900","12/3/2013 12:00:00 AM","100","1000","100","EA ","8/12/2015 12:20:28 PM"
"716","1636","45","38.0500","38.7500","12/3/2013 12:00:00 AM","100","1000","750","EA ","8/12/2015 12:20:28 PM"
"841","1636","60","26.7500","24.7500","2/26/2014 12:00:00 AM","75","500","300","EA ","8/12/2015 12:20:28 PM"
"842","1518","120","54.2000","51.5600","2/17/2014 12:00:00 AM","100","600","225","EA ","8/12/2015 12:20:28 PM"
"843","1518","10","8.5000","10.3100","1/11/2014 12:00:00 AM","50","200","75","EA ","8/12/2015 12:20:28 PM"
"844","1518","25","8.5000","8.2500","1/11/2014 12:00:00 AM","150","500","300","EA ","8/12/2015 12:20:28 PM"
"845","1518","25","10.7500","10.3000","1/11/2014 12:00:00 AM","150","500","250","EA ","8/12/2015 12:20:28 PM"
"846","1518","30","4.5000","5.7700","1/11/2014 12:00:00 AM","150","500","175","EA ","8/12/2015 12:20:28 PM"
"847","1518","30","14.5000","4.4300","1/11/2014 12:00:00 AM","150","500","150","EA ","8/12/2015 12:20:28 PM"
"848","1518","45","15.7500","18.5600","1/11/2014 12:00:00 AM","50","300","150","EA ","8/12/2015 12:20:28 PM"
"849","1594","45","24.7500","24.7500","3/31/2014 12:00:00 AM","5000","10000","5000","EA ","8/12/2015 12:20:28 PM"
"850","1594","45","24.7500","24.7500","3/31/2014 12:00:00 AM","5000","10000","5000","EA ","8/12/2015 12:20:28 PM"
"851","1594","45","24.7500","24.7500","3/31/2014 12:00:00 AM","5000","10000","5000","EA ","8/12/2015 12:20:28 PM"
"852","1594","60","32.3500","30.9400","5/14/2014 12:00:00 AM","500","8000","750","EA ","8/12/2015 12:20:28 PM"
"853","1594","60","32.3500","30.9400","5/14/2014 12:00:00 AM","500","8000","750","EA ","8/12/2015 12:20:28 PM"
"854","1594","60","32.3500","30.9400","5/14/2014 12:00:00 AM","500","8000","750","EA ","8/12/2015 12:20:28 PM"
"855","1594","60","38.5000","37.1000","5/14/2014 12:00:00 AM","500","5000","1050","EA ","8/12/2015 12:20:28 PM"
"856","1594","60","37.5000","37.1000","5/14/2014 12:00:00 AM","500","5000","1000","EA ","8/12/2015 12:20:28 PM"
"857","1594","60","37.5000","37.1000","5/14/2014 12:00:00 AM","500","5000","1000","EA ","8/12/2015 12:20:28 PM"
"858","1676","15","8.7500","9.1500","5/22/2014 12:00:00 AM","500","5000","700","EA ","8/12/2015 12:20:28 PM"
"859","1676","15","8.7500","9.1500","5/22/2014 12:00:00 AM","500","5000","700","EA ","8/12/2015 12:20:28 PM"
"860","1676","15","8.7500","9.1500","5/22/2014 12:00:00 AM","500","5000","700","EA ","8/12/2015 12:20:28 PM"
"861","1676","25","15.5000","15.6700","5/22/2014 12:00:00 AM","500","5000","900","EA ","8/12/2015 12:20:28 PM"
"862","1676","25","15.5000","15.6700","5/22/2014 12:00:00 AM","500","5000","900","EA ","8/12/2015 12:20:28 PM"
"863","1676","25","15.5000","15.6700","5/22/2014 12:00:00 AM","500","5000","900","EA ","8/12/2015 12:20:28 PM"
"864","1676","35","23.2000","23.7500","5/22/2014 12:00:00 AM","1000","7500","1250","EA ","8/12/2015 12:20:28 PM"
"865","1676","35","23.2000","23.7500","5/22/2014 12:00:00 AM","1000","7500","1250","EA ","8/12/2015 12:20:28 PM"
"866","1676","35","23.2000","23.7500","5/22/2014 12:00:00 AM","1000","7500","1250","EA ","8/12/2015 12:20:28 PM"
"867","1676","25","25.4500","26.1800","5/22/2014 12:00:00 AM","1000","7500","2000","EA ","8/12/2015 12:20:28 PM"
"868","1676","25","25.4500","26.1800","5/22/2014 12:00:00 AM","1000","7500","2000","EA ","8/12/2015 12:20:28 PM"
"869","1676","25","25.4500","26.1800","5/22/2014 12:00:00 AM","1000","7500","2000","EA ","8/12/2015 12:20:28 PM"
"870","1546","45","1.8700","1.8700","12/9/2013 12:00:00 AM","500","2500","1500","EA ","8/12/2015 12:20:28 PM"
"871","1546","45","3.7400","3.7400","12/9/2013 12:00:00 AM","500","2500","500","EA ","8/12/2015 12:20:28 PM"
"872","1546","45","3.0000","3.3600","12/9/2013 12:00:00 AM","500","2500","1000","EA ","8/12/2015 12:20:28 PM"
"873","1546","45","0.8000","0.8600","12/9/2013 12:00:00 AM","1500","15000","8000","EA ","8/12/2015 12:20:28 PM"
"874","1574","25","3.0000","2.3600","12/9/2013 12:00:00 AM","1500","15000","8000","EA ","8/12/2015 12:20:28 PM"
"875","1574","25","3.0000","2.3600","12/9/2013 12:00:00 AM","1500","15000","8000","EA ","8/12/2015 12:20:28 PM"
"876","1546","45","48.0000","33.8800","7/24/2014 12:00:00 AM","100","500","250","EA ","8/12/2015 12:20:28 PM"
"877","1546","45","3.0000","2.9700","7/24/2014 12:00:00 AM","100","500","150","EA ","8/12/2015 12:20:28 PM"
"878","1546","45","8.2200","8.2200","7/24/2014 12:00:00 AM","100","500","150","EA ","8/12/2015 12:20:28 PM"
"879","1546","45","49.0000","59.4600","7/24/2014 12:00:00 AM","100","500","400","EA ","8/12/2015 12:20:28 PM"
"880","1546","45","19.0000","20.5600","7/24/2014 12:00:00 AM","500","1500","1000","EA ","8/12/2015 12:20:28 PM"
"881","1636","30","40.0000","41.5700","7/24/2014 12:00:00 AM","5000","10000","6000","EA ","8/12/2015 12:20:28 PM"
"882","1636","30","40.0000","41.5700","7/24/2014 12:00:00 AM","5000","10000","6000","EA ","8/12/2015 12:20:28 PM"
"883","1636","30","40.0000","41.5700","7/24/2014 12:00:00 AM","5000","10000","6000","EA ","8/12/2015 12:20:28 PM"
"884","1636","30","40.0000","41.5700","7/24/2014 12:00:00 AM","5000","10000","6000","EA ","8/12/2015 12:20:28 PM"
"907","1576","19","78.8900","82.8345","8/29/2011 12:00:00 AM","100","1000","","EA ","8/29/2011 12:00:00 AM"
"908","1570","15","20.0900","21.0945","8/27/2011 12:00:00 AM","100","1000","","EA ","8/27/2011 12:00:00 AM"
"908","1696","17","20.0900","21.0945","8/13/2011 12:00:00 AM","100","1000","","EA ","8/13/2011 12:00:00 AM"
"909","1570","15","28.9900","30.4395","8/27/2011 12:00:00 AM","100","1000","300","EA ","8/27/2011 12:00:00 AM"
"909","1696","17","28.9900","30.4395","8/13/2011 12:00:00 AM","100","1000","","EA ","8/13/2011 12:00:00 AM"
"910","1610","18","38.9900","40.9395","8/27/2011 12:00:00 AM","100","1000","300","EA ","8/27/2011 12:00:00 AM"
"910","1696","17","38.9900","40.9395","8/20/2011 12:00:00 AM","100","1000","","EA ","8/20/2011 12:00:00 AM"
"911","1542","18","20.0900","21.0945","8/27/2011 12:00:00 AM","100","1000","","EA ","8/27/2011 12:00:00 AM"
"911","1696","17","20.0900","21.0945","8/20/2011 12:00:00 AM","100","1000","","EA ","8/20/2011 12:00:00 AM"
"912","1542","18","28.9900","30.4395","8/27/2011 12:00:00 AM","100","1000","","EA ","8/27/2011 12:00:00 AM"
"912","1696","17","28.9900","30.4395","8/20/2011 12:00:00 AM","100","1000","","EA ","8/20/2011 12:00:00 AM"
"913","1570","15","38.9900","40.9395","8/27/2011 12:00:00 AM","100","1000","300","EA ","8/27/2011 12:00:00 AM"
"913","1696","17","38.9900","40.9395","8/25/2011 12:00:00 AM","100","1000","","EA ","8/25/2011 12:00:00 AM"
"914","1672","15","20.0900","21.0945","8/26/2011 12:00:00 AM","100","1000","","EA ","8/26/2011 12:00:00 AM"
"914","1696","17","20.0900","21.0945","8/25/2011 12:00:00 AM","100","1000","","EA ","8/25/2011 12:00:00 AM"
"915","1672","15","28.9900","30.4395","8/26/2011 12:00:00 AM","100","1000","300","EA ","8/26/2011 12:00:00 AM"
"915","1696","17","28.9900","30.4395","8/6/2011 12:00:00 AM","100","1000","","EA ","8/6/2011 12:00:00 AM"
"916","1672","15","38.9900","40.9395","8/26/2011 12:00:00 AM","100","1000","","EA ","8/26/2011 12:00:00 AM"
"916","1696","17","38.9900","40.9395","8/6/2011 12:00:00 AM","100","1000","","EA ","8/6/2011 12:00:00 AM"
"921","1498","19","5.3200","5.5860","8/29/2011 12:00:00 AM","100","1000","","EA ","8/29/2011 12:00:00 AM"
"922","1652","19","6.2200","6.5310","8/29/2011 12:00:00 AM","100","1000","","EA ","8/29/2011 12:00:00 AM"
"923","1652","19","5.8900","6.1845","8/29/2011 12:00:00 AM","100","1000","","EA ","8/29/2011 12:00:00 AM"
"928","1538","19","30.7100","32.2455","8/29/2011 12:00:00 AM","100","1000","","EA ","8/29/2011 12:00:00 AM"
"928","1632","19","31.2100","32.7705","8/28/2011 12:00:00 AM","100","1000","","EA ","8/28/2011 12:00:00 AM"
"929","1538","19","34.8200","36.5610","8/29/2011 12:00:00 AM","100","1000","","EA ","8/29/2011 12:00:00 AM"
"929","1632","19","35.3200","37.0860","8/28/2011 12:00:00 AM","100","1000","","EA ","8/28/2011 12:00:00 AM"
"930","1498","19","40.4900","42.5145","8/29/2011 12:00:00 AM","100","1000","","EA ","8/29/2011 12:00:00 AM"
"930","1632","19","40.9900","43.0395","8/28/2011 12:00:00 AM","100","1000","","EA ","8/28/2011 12:00:00 AM"
"931","1588","19","32.7100","34.3455","8/28/2011 12:00:00 AM","100","1000","","EA ","8/28/2011 12:00:00 AM"
"931","1684","19","33.2100","34.8705","8/28/2011 12:00:00 AM","100","1000","","EA ","8/28/2011 12:00:00 AM"
"932","1588","19","37.3700","39.2385","8/28/2011 12:00:00 AM","100","1000","","EA ","8/28/2011 12:00:00 AM"
"932","1684","19","37.8700","39.7635","8/28/2011 12:00:00 AM","100","1000","","EA ","8/28/2011 12:00:00 AM"
"933","1652","19","41.3900","43.4595","8/29/2011 12:00:00 AM","100","1000","","EA ","8/29/2011 12:00:00 AM"
"933","1684","19","41.8900","43.9845","8/28/2011 12:00:00 AM","100","1000","","EA ","8/28/2011 12:00:00 AM"
"934","1652","19","35.8300","37.6215","8/29/2011 12:00:00 AM","100","1000","","EA ","8/29/2011 12:00:00 AM"
"934","1684","19","36.3300","38.1465","8/28/2011 12:00:00 AM","100","1000","","EA ","8/28/2011 12:00:00 AM"
"935","1506","18","29.9900","31.4895","8/27/2011 12:00:00 AM","100","1000","300","EA ","8/27/2011 12:00:00 AM"
"935","1658","15","29.9900","31.4895","8/26/2011 12:00:00 AM","100","1000","","EA ","8/26/2011 12:00:00 AM"
"936","1506","18","45.9900","48.2895","8/27/2011 12:00:00 AM","100","1000","300","EA ","8/27/2011 12:00:00 AM"
"936","1658","15","45.9900","48.2895","8/26/2011 12:00:00 AM","100","1000","","EA ","8/26/2011 12:00:00 AM"
"937","1638","18","59.9900","62.9895","8/27/2011 12:00:00 AM","100","1000","300","EA ","8/27/2011 12:00:00 AM"
"938","1586","16","29.9900","31.4895","8/28/2011 12:00:00 AM","100","1000","300","EA ","8/28/2011 12:00:00 AM"
"938","1680","16","29.9900","31.4895","8/27/2011 12:00:00 AM","100","1000","","EA ","8/27/2011 12:00:00 AM"
"939","1586","16","45.9900","48.2895","8/28/2011 12:00:00 AM","100","1000","300","EA ","8/28/2011 12:00:00 AM"
"939","1680","16","45.9900","48.2895","8/27/2011 12:00:00 AM","100","1000","","EA ","8/27/2011 12:00:00 AM"
"940","1508","15","59.9900","62.9895","8/26/2011 12:00:00 AM","100","1000","","EA ","8/26/2011 12:00:00 AM"
"941","1628","17","59.9900","62.9895","8/25/2011 12:00:00 AM","100","1000","","EA ","8/25/2011 12:00:00 AM"
"948","1576","19","78.8900","82.8345","8/29/2011 12:00:00 AM","100","1000","","EA ","8/29/2011 12:00:00 AM"
"952","1674","19","14.9900","15.7395","8/29/2011 12:00:00 AM","20","100","60","DZ ","8/29/2011 12:00:00 AM"
