SalesOrderID,SalesOrderDetailID,SalesOrderNumber,PurchaseOrderNumber,OrderDate,DueDate,ShipDate,OrderStatus,OnlineOrderFlag,CustomerID,CustomerDisplayName,CustomerAccountNumber,ShipMethodName,CarrierTrackingNumber,City,StateProvinceCode,StateProvinceName,CountryRegionCode,CountryRegionName,PostalCode,TerritoryName,TerritoryGroup,ProductID,ProductName,ProductNumber,ProductCategoryName,ProductSubcategoryName,Color,Size,Weight,ProductLine,Class,Style,OrderQty,UnitPrice,UnitPriceDiscount,LineTotal,StandardCost,ListPrice,SubTotal,TaxAmt,Freight,TotalDue,CardType
43659,1,SO43659,PO522145787,5/31/2011 0:00,6/12/2011 0:00,6/7/2011 0:00,Shipped,FALSE,29825,Better Bike Shop,AW00029825,CARGO TRANSPORT 5,4911-403C-98,Austell,GA ,Georgia,US,United States,30106,Southeast,North America,776,"Mountain-100 Black, 42",BK-M82B-42,Bikes,Mountain Bikes,Black,42,20.77,M ,H ,U ,1,2024.994,0,2024.994,1898.0944,3374.99,20565.6206,1971.5149,616.0984,23153.2339,ColonialVoice
43659,2,SO43659,PO522145787,5/31/2011 0:00,6/12/2011 0:00,6/7/2011 0:00,Shipped,FALSE,29825,Better Bike Shop,AW00029825,CARGO TRANSPORT 5,4911-403C-98,Austell,GA ,Georgia,US,United States,30106,Southeast,North America,777,"Mountain-100 Black, 44",BK-M82B-44,Bikes,Mountain Bikes,Black,44,21.13,M ,H ,U ,3,2024.994,0,6074.982,1898.0944,3374.99,20565.6206,1971.5149,616.0984,23153.2339,ColonialVoice
43659,3,SO43659,PO522145787,5/31/2011 0:00,6/12/2011 0:00,6/7/2011 0:00,Shipped,FALSE,29825,Better Bike Shop,AW00029825,CARGO TRANSPORT 5,4911-403C-98,Austell,GA ,Georgia,US,United States,30106,Southeast,North America,778,"Mountain-100 Black, 48",BK-M82B-48,Bikes,Mountain Bikes,Black,48,21.42,M ,H ,U ,1,2024.994,0,2024.994,1898.0944,3374.99,20565.6206,1971.5149,616.0984,23153.2339,ColonialVoice
43659,4,SO43659,PO522145787,5/31/2011 0:00,6/12/2011 0:00,6/7/2011 0:00,Shipped,FALSE,29825,Better Bike Shop,AW00029825,CARGO TRANSPORT 5,4911-403C-98,Austell,GA ,Georgia,US,United States,30106,Southeast,North America,771,"Mountain-100 Silver, 38",BK-M82S-38,Bikes,Mountain Bikes,Silver,38,20.35,M ,H ,U ,1,2039.994,0,2039.994,1912.1544,3399.99,20565.6206,1971.5149,616.0984,23153.2339,ColonialVoice
43659,5,SO43659,PO522145787,5/31/2011 0:00,6/12/2011 0:00, ,Shipped,FALSE,29825,Better Bike Shop,AW00029825,CARGO TRANSPORT 5,4911-403C-98,Austell,GA ,Georgia,US,United States,30106,Southeast,North America,772,"Mountain-100 Silver, 42",BK-M82S-42,Bikes,Mountain Bikes,Silver,42,20.77,M ,H ,U ,1,2039.994,0,2039.994,1912.1544,3399.99,20565.6206,1971.5149,616.0984,23153.2339,ColonialVoice
43659,6,SO43659,PO522145787,5/31/2011 0:00,6/12/2011 0:00,6/7/2011 0:00,Shipped,FALSE,29825,Better Bike Shop,AW00029825,CARGO TRANSPORT 5,4911-403C-98,Austell,GA ,Georgia,US,United States,30106,Southeast,North America,773,"Mountain-100 Silver, 44",BK-M82S-44,Bikes,Mountain Bikes,Silver,44,21.13,M ,H ,U ,2,2039.994,0,4079.988,1912.1544,3399.99,20565.6206,1971.5149,616.0984,23153.2339,ColonialVoice
43659,7,SO43659,PO522145787,5/31/2011 0:00,6/12/2011 0:00,6/7/2011 0:00,Shipped,FALSE,29825,Better Bike Shop,AW00029825,CARGO TRANSPORT 5,4911-403C-98,Austell,GA ,Georgia,US,United States,30106,Southeast,North America,774,"Mountain-100 Silver, 48",BK-M82S-48,Bikes,Mountain Bikes,Silver,48,21.42,M ,H ,U ,1,2039.994,0,2039.994,1912.1544,3399.99,20565.6206,1971.5149,616.0984,23153.2339,ColonialVoice
43659,8,SO43659,PO522145787,5/31/2011 0:00,6/12/2011 0:00,6/7/2011 0:00,Shipped,FALSE,29825,Better Bike Shop,AW00029825,CARGO TRANSPORT 5,4911-403C-98,Austell,GA ,Georgia,US,United States,30106,Southeast,North America,714,"Long-Sleeve Logo Jersey, M",LJ-0192-M,Clothing,Jerseys,Multi,M,,S ,,U ,3,28.8404,0,86.5212,38.4923,49.99,20565.6206,1971.5149,616.0984,23153.2339,ColonialVoice
43659,9,SO43659,PO522145787,5/31/2011 0:00,6/12/2011 0:00,6/7/2011 0:00,Shipped,FALSE,29825,Better Bike Shop,AW00029825,CARGO TRANSPORT 5,4911-403C-98,Austell,GA ,Georgia,US,United States,30106,Southeast,North America,716,"Long-Sleeve Logo Jersey, XL",LJ-0192-X,Clothing,Jerseys,Multi,XL,,S ,,U ,1,28.8404,0,28.8404,38.4923,49.99,20565.6206,1971.5149,616.0984,23153.2339,ColonialVoice
43659,10,SO43659,PO522145787,5/31/2011 0:00,6/12/2011 0:00,6/7/2011 0:00,Shipped,FALSE,29825,Better Bike Shop,AW00029825,CARGO TRANSPORT 5,4911-403C-98,Austell,GA ,Georgia,US,United States,30106,Southeast,North America,709,"Mountain Bike Socks, M",SO-B909-M,Clothing,Socks,White,M,,M ,,U ,6,5.7,0,34.2,3.3963,9.5,20565.6206,1971.5149,616.0984,23153.2339,ColonialVoice
43659,11,SO43659,PO522145787,5/31/2011 0:00,6/12/2011 0:00,6/7/2011 0:00,Shipped,FALSE,29825,Better Bike Shop,AW00029825,CARGO TRANSPORT 5,4911-403C-98,Austell,GA ,Georgia,US,United States,30106,Southeast,North America,712,AWC Logo Cap,CA-1098,Clothing,Caps,Multi,,,S ,,U ,2,5.1865,0,10.373,6.9223,8.99,20565.6206,1971.5149,616.0984,23153.2339,ColonialVoice
43659,12,SO43659,PO522145787,5/31/2011 0:00,6/12/2011 0:00,6/7/2011 0:00,Shipped,FALSE,29825,Better Bike Shop,AW00029825,CARGO TRANSPORT 5,4911-403C-98,Austell,GA ,Georgia,US,United States,30106,Southeast,North America,711,"Sport-100 Helmet, Blue",HL-U509-B,Accessories,Helmets,Blue,,,S ,,,4,20.1865,0,80.746,13.0863,34.99,20565.6206,1971.5149,616.0984,23153.2339,ColonialVoice
43660,13,SO43660,PO18850127500,5/31/2011 0:00,6/12/2011 0:00,6/7/2011 0:00,Shipped,FALSE,29672,Pedals Warehouse,AW00029672,CARGO TRANSPORT 5,6431-4D57-83,Suwanee,GA ,Georgia,US,United States,30024,Southeast,North America,762,"Road-650 Red, 44",BK-R50R-44,Bikes,Road Bikes,Red,44,18.77,R ,L ,U ,1,419.4589,0,419.4589,486.7066,782.99,1294.2529,124.2483,38.8276,1457.3288,Vista
43660,14,SO43660,PO18850127500,5/31/2011 0:00,6/12/2011 0:00,6/7/2011 0:00,Shipped,FALSE,29672,Pedals Warehouse,AW00029672,CARGO TRANSPORT 5,6431-4D57-83,Suwanee,GA ,Georgia,US,United States,30024,Southeast,North America,758,"Road-450 Red, 52",BK-R68R-52,Bikes,Road Bikes,Red,52,17.42,R ,M ,U ,1,874.794,0,874.794,884.7083,1457.99,1294.2529,124.2483,38.8276,1457.3288,Vista
43661,15,SO43661,PO18473189620,5/31/2011 0:00,6/12/2011 0:00,6/7/2011 0:00,Shipped,FALSE,29734,Original Bicycle Supply Company,AW00029734,CARGO TRANSPORT 5,4E0A-4F89-AE,Toronto,ON ,Ontario,CA,Canada,M4B 1V5,Canada,North America,745,"HL Mountain Frame - Black, 48",FR-M94B-48,Components,Mountain Frames,Black,48,2.8,M ,H ,U ,1,809.76,0,809.76,699.0928,1349.6,32726.4786,3153.7696,985.553,36865.8012,Distinguish
43661,16,SO43661,PO18473189620,5/31/2011 0:00,6/12/2011 0:00,6/7/2011 0:00,Shipped,FALSE,29734,Original Bicycle Supply Company,AW00029734,CARGO TRANSPORT 5,4E0A-4F89-AE,Toronto,ON ,Ontario,CA,Canada,M4B 1V5,Canada,North America,743,"HL Mountain Frame - Black, 42",FR-M94B-42,Components,Mountain Frames,Black,42,2.72,M ,H ,U ,1,714.7043,0,714.7043,739.041,1349.6,32726.4786,3153.7696,985.553,36865.8012,Distinguish
43661,17,SO43661,PO18473189620,5/31/2011 0:00,6/12/2011 0:00,6/7/2011 0:00,Shipped,FALSE,29734,Original Bicycle Supply Company,AW00029734,CARGO TRANSPORT 5,4E0A-4F89-AE,Toronto,ON ,Ontario,CA,Canada,M4B 1V5,Canada,North America,747,"HL Mountain Frame - Black, 38",FR-M94B-38,Components,Mountain Frames,Black,38,2.68,M ,H ,U ,2,714.7043,0,1429.4086,739.041,1349.6,32726.4786,3153.7696,985.553,36865.8012,Distinguish
43661,18,SO43661,PO18473189620,5/31/2011 0:00,6/12/2011 0:00,6/7/2011 0:00,Shipped,FALSE,29734,Original Bicycle Supply Company,AW00029734,CARGO TRANSPORT 5,4E0A-4F89-AE,Toronto,ON ,Ontario,CA,Canada,M4B 1V5,Canada,North America,712,AWC Logo Cap,CA-1098,Clothing,Caps,Multi,,,S ,,U ,4,5.1865,0,20.746,6.9223,8.99,32726.4786,3153.7696,985.553,36865.8012,Distinguish
43661,19,SO43661,PO18473189620,5/31/2011 0:00,6/12/2011 0:00,6/7/2011 0:00,Shipped,FALSE,29734,Original Bicycle Supply Company,AW00029734,CARGO TRANSPORT 5,4E0A-4F89-AE,Toronto,ON ,Ontario,CA,Canada,M4B 1V5,Canada,North America,715,"Long-Sleeve Logo Jersey, L",LJ-0192-L,Clothing,Jerseys,Multi,L,,S ,,U ,4,28.8404,0,115.3616,38.4923,49.99,32726.4786,3153.7696,985.553,36865.8012,Distinguish
43661,20,SO43661,PO18473189620,5/31/2011 0:00,6/12/2011 0:00,6/7/2011 0:00,Shipped,FALSE,29734,Original Bicycle Supply Company,AW00029734,CARGO TRANSPORT 5,4E0A-4F89-AE,Toronto,ON ,Ontario,CA,Canada,M4B 1V5,Canada,North America,742,"HL Mountain Frame - Silver, 46",FR-M94S-46,Components,Mountain Frames,Silver,46,2.84,M ,H ,U ,2,722.5949,0,1445.1898,747.2002,1364.5,32726.4786,3153.7696,985.553,36865.8012,Distinguish
43661,21,SO43661,PO18473189620,5/31/2011 0:00,6/12/2011 0:00,6/7/2011 0:00,Shipped,FALSE,29734,Original Bicycle Supply Company,AW00029734,CARGO TRANSPORT 5,4E0A-4F89-AE,Toronto,ON ,Ontario,CA,Canada,M4B 1V5,Canada,North America,775,"Mountain-100 Black, 38",BK-M82B-38,Bikes,Mountain Bikes,Black,38,20.35,M ,H ,U ,3,2024.994,0,6074.982,1898.0944,3374.99,32726.4786,3153.7696,985.553,36865.8012,Distinguish
43661,22,SO43661,PO18473189620,5/31/2011 0:00,6/12/2011 0:00,6/7/2011 0:00,Shipped,FALSE,29734,Original Bicycle Supply Company,AW00029734,CARGO TRANSPORT 5,4E0A-4F89-AE,Toronto,ON ,Ontario,CA,Canada,M4B 1V5,Canada,North America,778,"Mountain-100 Black, 48",BK-M82B-48,Bikes,Mountain Bikes,Black,48,21.42,M ,H ,U ,2,2024.994,0,4049.988,1898.0944,3374.99,32726.4786,3153.7696,985.553,36865.8012,Distinguish
43661,23,SO43661,PO18473189620,5/31/2011 0:00,6/12/2011 0:00,6/7/2011 0:00,Shipped,FALSE,29734,Original Bicycle Supply Company,AW00029734,CARGO TRANSPORT 5,4E0A-4F89-AE,Toronto,ON ,Ontario,CA,Canada,M4B 1V5,Canada,North America,711,"Sport-100 Helmet, Blue",HL-U509-B,Accessories,Helmets,Blue,,,S ,,,2,20.1865,0,40.373,13.0863,34.99,32726.4786,3153.7696,985.553,36865.8012,Distinguish
43661,24,SO43661,PO18473189620,5/31/2011 0:00,6/12/2011 0:00,6/7/2011 0:00,Shipped,FALSE,29734,Original Bicycle Supply Company,AW00029734,CARGO TRANSPORT 5,4E0A-4F89-AE,Toronto,ON ,Ontario,CA,Canada,M4B 1V5,Canada,North America,741,"HL Mountain Frame - Silver, 48",FR-M94S-52,Components,Mountain Frames,Silver,48,2.8,M ,H ,U ,2,818.7,0,1637.4,706.811,1364.5,32726.4786,3153.7696,985.553,36865.8012,Distinguish
43661,25,SO43661,PO18473189620,5/31/2011 0:00,6/12/2011 0:00,6/7/2011 0:00,Shipped,FALSE,29734,Original Bicycle Supply Company,AW00029734,CARGO TRANSPORT 5,4E0A-4F89-AE,Toronto,ON ,Ontario,CA,Canada,M4B 1V5,Canada,North America,776,"Mountain-100 Black, 42",BK-M82B-42,Bikes,Mountain Bikes,Black,42,20.77,M ,H ,U ,4,2024.994,0,8099.976,1898.0944,3374.99,32726.4786,3153.7696,985.553,36865.8012,Distinguish
43661,26,SO43661,PO18473189620,5/31/2011 0:00,6/12/2011 0:00,6/7/2011 0:00,Shipped,FALSE,29734,Original Bicycle Supply Company,AW00029734,CARGO TRANSPORT 5,4E0A-4F89-AE,Toronto,ON ,Ontario,CA,Canada,M4B 1V5,Canada,North America,773,"Mountain-100 Silver, 44",BK-M82S-44,Bikes,Mountain Bikes,Silver,44,21.13,M ,H ,U ,2,2039.994,0,4079.988,1912.1544,3399.99,32726.4786,3153.7696,985.553,36865.8012,Distinguish
43661,27,SO43661,PO18473189620,5/31/2011 0:00,6/12/2011 0:00,6/7/2011 0:00,Shipped,FALSE,29734,Original Bicycle Supply Company,AW00029734,CARGO TRANSPORT 5,4E0A-4F89-AE,Toronto,ON ,Ontario,CA,Canada,M4B 1V5,Canada,North America,716,"Long-Sleeve Logo Jersey, XL",LJ-0192-X,Clothing,Jerseys,Multi,XL,,S ,,U ,2,28.8404,0,57.6808,38.4923,49.99,32726.4786,3153.7696,985.553,36865.8012,Distinguish
43661,28,SO43661,PO18473189620,5/31/2011 0:00,6/12/2011 0:00,6/7/2011 0:00,Shipped,FALSE,29734,Original Bicycle Supply Company,AW00029734,CARGO TRANSPORT 5,4E0A-4F89-AE,Toronto,ON ,Ontario,CA,Canada,M4B 1V5,Canada,North America,777,"Mountain-100 Black, 44",BK-M82B-44,Bikes,Mountain Bikes,Black,44,21.13,M ,H ,U ,2,2024.994,0,4049.988,1898.0944,3374.99,32726.4786,3153.7696,985.553,36865.8012,Distinguish
43661,29,SO43661,PO18473189620,5/31/2011 0:00,6/12/2011 0:00,6/7/2011 0:00,Shipped,FALSE,29734,Original Bicycle Supply Company,AW00029734,CARGO TRANSPORT 5,4E0A-4F89-AE,Toronto,ON ,Ontario,CA,Canada,M4B 1V5,Canada,North America,708,"Sport-100 Helmet, Black",HL-U509,Accessories,Helmets,Black,,,S ,,,5,20.1865,0,100.9325,13.0863,34.99,32726.4786,3153.7696,985.553,36865.8012,Distinguish
43662,30,SO43662,PO18444174044,5/31/2011 0:00,6/12/2011 0:00,6/7/2011 0:00,Shipped,FALSE,29994,"Health Spa, Limited",AW00029994,CARGO TRANSPORT 5,2E53-4802-85,Toronto,ON ,Ontario,CA,Canada,M4B 1V5,Canada,North America,764,"Road-650 Red, 52",BK-R50R-52,Bikes,Road Bikes,Red,52,19.42,R ,L ,U ,3,419.4589,0,1258.3767,486.7066,782.99,28832.5289,2775.1646,867.2389,32474.9324,ColonialVoice
43662,31,SO43662,PO18444174044,5/31/2011 0:00,6/12/2011 0:00,6/7/2011 0:00,Shipped,FALSE,29994,"Health Spa, Limited",AW00029994,CARGO TRANSPORT 5,2E53-4802-85,Toronto,ON ,Ontario,CA,Canada,M4B 1V5,Canada,North America,770,"Road-650 Black, 52",BK-R50B-52,Bikes,Road Bikes,Black,52,19.42,R ,L ,U ,5,419.4589,0,2097.2945,486.7066,782.99,28832.5289,2775.1646,867.2389,32474.9324,ColonialVoice
43662,32,SO43662,PO18444174044,5/31/2011 0:00,6/12/2011 0:00,6/7/2011 0:00,Shipped,FALSE,29994,"Health Spa, Limited",AW00029994,CARGO TRANSPORT 5,2E53-4802-85,Toronto,ON ,Ontario,CA,Canada,M4B 1V5,Canada,North America,730,"LL Road Frame - Red, 62",FR-R38R-62,Components,Road Frames,Red,62,2.5,R ,L ,U ,2,183.9382,0,367.8764,187.1571,337.22,28832.5289,2775.1646,867.2389,32474.9324,ColonialVoice
43662,33,SO43662,PO18444174044,5/31/2011 0:00,6/12/2011 0:00,6/7/2011 0:00,Shipped,FALSE,29994,"Health Spa, Limited",AW00029994,CARGO TRANSPORT 5,2E53-4802-85,Toronto,ON ,Ontario,CA,Canada,M4B 1V5,Canada,North America,754,"Road-450 Red, 58",BK-R68R-58,Bikes,Road Bikes,Red,58,17.79,R ,M ,U ,4,874.794,0,3499.176,884.7083,1457.99,28832.5289,2775.1646,867.2389,32474.9324,ColonialVoice
43662,34,SO43662,PO18444174044,5/31/2011 0:00,6/12/2011 0:00,6/7/2011 0:00,Shipped,FALSE,29994,"Health Spa, Limited",AW00029994,CARGO TRANSPORT 5,2E53-4802-85,Toronto,ON ,Ontario,CA,Canada,M4B 1V5,Canada,North America,725,"LL Road Frame - Red, 44",FR-R38R-44,Components,Road Frames,Red,44,2.32,R ,L ,U ,3,183.9382,0,551.8146,187.1571,337.22,28832.5289,2775.1646,867.2389,32474.9324,ColonialVoice
43662,35,SO43662,PO18444174044,5/31/2011 0:00,6/12/2011 0:00,6/7/2011 0:00,Shipped,FALSE,29994,"Health Spa, Limited",AW00029994,CARGO TRANSPORT 5,2E53-4802-85,Toronto,ON ,Ontario,CA,Canada,M4B 1V5,Canada,North America,762,"Road-650 Red, 44",BK-R50R-44,Bikes,Road Bikes,Red,44,18.77,R ,L ,U ,5,419.4589,0,2097.2945,486.7066,782.99,28832.5289,2775.1646,867.2389,32474.9324,ColonialVoice
43662,36,SO43662,PO18444174044,5/31/2011 0:00,6/12/2011 0:00,6/7/2011 0:00,Shipped,FALSE,29994,"Health Spa, Limited",AW00029994,CARGO TRANSPORT 5,2E53-4802-85,Toronto,ON ,Ontario,CA,Canada,M4B 1V5,Canada,North America,765,"Road-650 Black, 58",BK-R50B-58,Bikes,Road Bikes,Black,58,19.79,R ,L ,U ,3,419.4589,0,1258.3767,486.7066,782.99,28832.5289,2775.1646,867.2389,32474.9324,ColonialVoice
43662,37,SO43662,PO18444174044,5/31/2011 0:00,6/12/2011 0:00,6/7/2011 0:00,Shipped,FALSE,29994,"Health Spa, Limited",AW00029994,CARGO TRANSPORT 5,2E53-4802-85,Toronto,ON ,Ontario,CA,Canada,M4B 1V5,Canada,North America,768,"Road-650 Black, 44",BK-R50B-44,Bikes,Road Bikes,Black,44,18.77,R ,L ,U ,2,419.4589,0,838.9178,486.7066,782.99,28832.5289,2775.1646,867.2389,32474.9324,ColonialVoice
43662,38,SO43662,PO18444174044,5/31/2011 0:00,6/12/2011 0:00,6/7/2011 0:00,Shipped,FALSE,29994,"Health Spa, Limited",AW00029994,CARGO TRANSPORT 5,2E53-4802-85,Toronto,ON ,Ontario,CA,Canada,M4B 1V5,Canada,North America,753,"Road-150 Red, 56",BK-R93R-56,Bikes,Road Bikes,Red,56,14.68,R ,H ,U ,1,2146.962,0,2146.962,2171.2942,3578.27,28832.5289,2775.1646,867.2389,32474.9324,ColonialVoice
43662,39,SO43662,PO18444174044,5/31/2011 0:00,6/12/2011 0:00,6/7/2011 0:00,Shipped,FALSE,29994,"Health Spa, Limited",AW00029994,CARGO TRANSPORT 5,2E53-4802-85,Toronto,ON ,Ontario,CA,Canada,M4B 1V5,Canada,North America,756,"Road-450 Red, 44",BK-R68R-44,Bikes,Road Bikes,Red,44,16.77,R ,M ,U ,1,874.794,0,874.794,884.7083,1457.99,28832.5289,2775.1646,867.2389,32474.9324,ColonialVoice
43662,40,SO43662,PO18444174044,5/31/2011 0:00,6/12/2011 0:00,6/7/2011 0:00,Shipped,FALSE,29994,"Health Spa, Limited",AW00029994,CARGO TRANSPORT 5,2E53-4802-85,Toronto,ON ,Ontario,CA,Canada,M4B 1V5,Canada,North America,763,"Road-650 Red, 48",BK-R50R-48,Bikes,Road Bikes,Red,48,19.13,R ,L ,U ,3,419.4589,0,1258.3767,486.7066,782.99,28832.5289,2775.1646,867.2389,32474.9324,ColonialVoice
43662,41,SO43662,PO18444174044,5/31/2011 0:00,6/12/2011 0:00,6/7/2011 0:00,Shipped,FALSE,29994,"Health Spa, Limited",AW00029994,CARGO TRANSPORT 5,2E53-4802-85,Toronto,ON ,Ontario,CA,Canada,M4B 1V5,Canada,North America,732,"ML Road Frame - Red, 48",FR-R72R-48,Components,Road Frames,Red,48,2.26,R ,M ,U ,1,356.898,0,356.898,352.1394,594.83,28832.5289,2775.1646,867.2389,32474.9324,ColonialVoice
43662,42,SO43662,PO18444174044,5/31/2011 0:00,6/12/2011 0:00,6/7/2011 0:00,Shipped,FALSE,29994,"Health Spa, Limited",AW00029994,CARGO TRANSPORT 5,2E53-4802-85,Toronto,ON ,Ontario,CA,Canada,M4B 1V5,Canada,North America,758,"Road-450 Red, 52",BK-R68R-52,Bikes,Road Bikes,Red,52,17.42,R ,M ,U ,6,874.794,0,5248.764,884.7083,1457.99,28832.5289,2775.1646,867.2389,32474.9324,ColonialVoice
43662,43,SO43662,PO18444174044,5/31/2011 0:00,6/12/2011 0:00,6/7/2011 0:00,Shipped,FALSE,29994,"Health Spa, Limited",AW00029994,CARGO TRANSPORT 5,2E53-4802-85,Toronto,ON ,Ontario,CA,Canada,M4B 1V5,Canada,North America,729,"LL Road Frame - Red, 60",FR-R38R-60,Components,Road Frames,Red,60,2.48,R ,L ,U ,1,183.9382,0,183.9382,187.1571,337.22,28832.5289,2775.1646,867.2389,32474.9324,ColonialVoice
43662,44,SO43662,PO18444174044,5/31/2011 0:00,6/12/2011 0:00,6/7/2011 0:00,Shipped,FALSE,29994,"Health Spa, Limited",AW00029994,CARGO TRANSPORT 5,2E53-4802-85,Toronto,ON ,Ontario,CA,Canada,M4B 1V5,Canada,North America,722,"LL Road Frame - Black, 58",FR-R38B-58,Components,Road Frames,Black,58,2.46,R ,L ,U ,3,178.5808,0,535.7424,204.6251,337.22,28832.5289,2775.1646,867.2389,32474.9324,ColonialVoice
43662,45,SO43662,PO18444174044,5/31/2011 0:00,6/12/2011 0:00,6/7/2011 0:00,Shipped,FALSE,29994,"Health Spa, Limited",AW00029994,CARGO TRANSPORT 5,2E53-4802-85,Toronto,ON ,Ontario,CA,Canada,M4B 1V5,Canada,North America,749,"Road-150 Red, 62",BK-R93R-62,Bikes,Road Bikes,Red,62,15,R ,H ,U ,1,2146.962,0,2146.962,2171.2942,3578.27,28832.5289,2775.1646,867.2389,32474.9324,ColonialVoice
43662,46,SO43662,PO18444174044,5/31/2011 0:00,6/12/2011 0:00,6/7/2011 0:00,Shipped,FALSE,29994,"Health Spa, Limited",AW00029994,CARGO TRANSPORT 5,2E53-4802-85,Toronto,ON ,Ontario,CA,Canada,M4B 1V5,Canada,North America,760,"Road-650 Red, 60",BK-R50R-60,Bikes,Road Bikes,Red,60,19.9,R ,L ,U ,3,419.4589,0,1258.3767,486.7066,782.99,28832.5289,2775.1646,867.2389,32474.9324,ColonialVoice
43662,47,SO43662,PO18444174044,5/31/2011 0:00,6/12/2011 0:00,6/7/2011 0:00,Shipped,FALSE,29994,"Health Spa, Limited",AW00029994,CARGO TRANSPORT 5,2E53-4802-85,Toronto,ON ,Ontario,CA,Canada,M4B 1V5,Canada,North America,726,"LL Road Frame - Red, 48",FR-R38R-48,Components,Road Frames,Red,48,2.36,R ,L ,U ,1,183.9382,0,183.9382,187.1571,337.22,28832.5289,2775.1646,867.2389,32474.9324,ColonialVoice
43662,48,SO43662,PO18444174044,5/31/2011 0:00,6/12/2011 0:00,6/7/2011 0:00,Shipped,FALSE,29994,"Health Spa, Limited",AW00029994,CARGO TRANSPORT 5,2E53-4802-85,Toronto,ON ,Ontario,CA,Canada,M4B 1V5,Canada,North America,733,"ML Road Frame - Red, 52",FR-R72R-52,Components,Road Frames,Red,52,2.3,R ,M ,U ,1,356.898,0,356.898,352.1394,594.83,28832.5289,2775.1646,867.2389,32474.9324,ColonialVoice
43662,49,SO43662,PO18444174044,5/31/2011 0:00,6/12/2011 0:00,6/7/2011 0:00,Shipped,FALSE,29994,"Health Spa, Limited",AW00029994,CARGO TRANSPORT 5,2E53-4802-85,Toronto,ON ,Ontario,CA,Canada,M4B 1V5,Canada,North America,738,"LL Road Frame - Black, 52",FR-R38B-52,Components,Road Frames,Black,52,2.4,R ,L ,U ,1,178.5808,0,178.5808,204.6251,337.22,28832.5289,2775.1646,867.2389,32474.9324,ColonialVoice
43662,50,SO43662,PO18444174044,5/31/2011 0:00,6/12/2011 0:00,6/7/2011 0:00,Shipped,FALSE,29994,"Health Spa, Limited",AW00029994,CARGO TRANSPORT 5,2E53-4802-85,Toronto,ON ,Ontario,CA,Canada,M4B 1V5,Canada,North America,766,"Road-650 Black, 60",BK-R50B-60,Bikes,Road Bikes,Black,60,19.9,R ,L ,U ,3,419.4589,0,1258.3767,486.7066,782.99,28832.5289,2775.1646,867.2389,32474.9324,ColonialVoice
43662,51,SO43662,PO18444174044,5/31/2011 0:00,6/12/2011 0:00,6/7/2011 0:00,Shipped,FALSE,29994,"Health Spa, Limited",AW00029994,CARGO TRANSPORT 5,2E53-4802-85,Toronto,ON ,Ontario,CA,Canada,M4B 1V5,Canada,North America,755,"Road-450 Red, 60",BK-R68R-60,Bikes,Road Bikes,Red,60,17.9,R ,M ,U ,1,874.794,0,874.794,884.7083,1457.99,28832.5289,2775.1646,867.2389,32474.9324,ColonialVoice
43663,52,SO43663,PO18009186470,5/31/2011 0:00,6/12/2011 0:00,6/7/2011 0:00,Shipped,FALSE,29565,World Bike Discount Store,AW00029565,CARGO TRANSPORT 5,1E90-4FBF-B6,Trabuco Canyon,CA ,California,US,United States,92679,Southwest,North America,760,"Road-650 Red, 60",BK-R50R-60,Bikes,Road Bikes,Red,60,19.9,R ,L ,U ,1,419.4589,0,419.4589,486.7066,782.99,419.4589,40.2681,12.5838,472.3108,Vista
43664,53,SO43664,PO16617121983,5/31/2011 0:00,6/12/2011 0:00,6/7/2011 0:00,Shipped,FALSE,29898,Capable Sales and Service,AW00029898,CARGO TRANSPORT 5,2F44-4BA1-BB,Seattle,WA ,Washington,US,United States,98104,Northwest,North America,772,"Mountain-100 Silver, 42",BK-M82S-42,Bikes,Mountain Bikes,Silver,42,20.77,M ,H ,U ,1,2039.994,0,2039.994,1912.1544,3399.99,24432.6088,2344.9921,732.81,27510.4109,ColonialVoice
43664,54,SO43664,PO16617121983,5/31/2011 0:00,6/12/2011 0:00,6/7/2011 0:00,Shipped,FALSE,29898,Capable Sales and Service,AW00029898,CARGO TRANSPORT 5,2F44-4BA1-BB,Seattle,WA ,Washington,US,United States,98104,Northwest,North America,775,"Mountain-100 Black, 38",BK-M82B-38,Bikes,Mountain Bikes,Black,38,20.35,M ,H ,U ,4,2024.994,0,8099.976,1898.0944,3374.99,24432.6088,2344.9921,732.81,27510.4109,ColonialVoice
43664,55,SO43664,PO16617121983,5/31/2011 0:00,6/12/2011 0:00,6/7/2011 0:00,Shipped,FALSE,29898,Capable Sales and Service,AW00029898,CARGO TRANSPORT 5,2F44-4BA1-BB,Seattle,WA ,Washington,US,United States,98104,Northwest,North America,714,"Long-Sleeve Logo Jersey, M",LJ-0192-M,Clothing,Jerseys,Multi,M,,S ,,U ,1,28.8404,0,28.8404,38.4923,49.99,24432.6088,2344.9921,732.81,27510.4109,ColonialVoice
43664,56,SO43664,PO16617121983,5/31/2011 0:00,6/12/2011 0:00,6/7/2011 0:00,Shipped,FALSE,29898,Capable Sales and Service,AW00029898,CARGO TRANSPORT 5,2F44-4BA1-BB,Seattle,WA ,Washington,US,United States,98104,Northwest,North America,716,"Long-Sleeve Logo Jersey, XL",LJ-0192-X,Clothing,Jerseys,Multi,XL,,S ,,U ,1,28.8404,0,28.8404,38.4923,49.99,24432.6088,2344.9921,732.81,27510.4109,ColonialVoice
43664,57,SO43664,PO16617121983,5/31/2011 0:00,6/12/2011 0:00,6/7/2011 0:00,Shipped,FALSE,29898,Capable Sales and Service,AW00029898,CARGO TRANSPORT 5,2F44-4BA1-BB,Seattle,WA ,Washington,US,United States,98104,Northwest,North America,777,"Mountain-100 Black, 44",BK-M82B-44,Bikes,Mountain Bikes,Black,44,21.13,M ,H ,U ,2,2024.994,0,4049.988,1898.0944,3374.99,24432.6088,2344.9921,732.81,27510.4109,ColonialVoice
43664,58,SO43664,PO16617121983,5/31/2011 0:00,6/12/2011 0:00,6/7/2011 0:00,Shipped,FALSE,29898,Capable Sales and Service,AW00029898,CARGO TRANSPORT 5,2F44-4BA1-BB,Seattle,WA ,Washington,US,United States,98104,Northwest,North America,771,"Mountain-100 Silver, 38",BK-M82S-38,Bikes,Mountain Bikes,Silver,38,20.35,M ,H ,U ,3,2039.994,0,6119.982,1912.1544,3399.99,24432.6088,2344.9921,732.81,27510.4109,ColonialVoice
43664,59,SO43664,PO16617121983,5/31/2011 0:00,6/12/2011 0:00,6/7/2011 0:00,Shipped,FALSE,29898,Capable Sales and Service,AW00029898,CARGO TRANSPORT 5,2F44-4BA1-BB,Seattle,WA ,Washington,US,United States,98104,Northwest,North America,773,"Mountain-100 Silver, 44",BK-M82S-44,Bikes,Mountain Bikes,Silver,44,21.13,M ,H ,U ,1,2039.994,0,2039.994,1912.1544,3399.99,24432.6088,2344.9921,732.81,27510.4109,ColonialVoice
43664,60,SO43664,PO16617121983,5/31/2011 0:00,6/12/2011 0:00,6/7/2011 0:00,Shipped,FALSE,29898,Capable Sales and Service,AW00029898,CARGO TRANSPORT 5,2F44-4BA1-BB,Seattle,WA ,Washington,US,United States,98104,Northwest,North America,778,"Mountain-100 Black, 48",BK-M82B-48,Bikes,Mountain Bikes,Black,48,21.42,M ,H ,U ,1,2024.994,0,2024.994,1898.0944,3374.99,24432.6088,2344.9921,732.81,27510.4109,ColonialVoice
43665,61,SO43665,PO16588191572,5/31/2011 0:00,6/12/2011 0:00,6/7/2011 0:00,Shipped,FALSE,29580,Latest Sports Equipment,AW00029580,CARGO TRANSPORT 5,19F0-4638-8E,Seattle,WA ,Washington,US,United States,98104,Northwest,North America,711,"Sport-100 Helmet, Blue",HL-U509-B,Accessories,Helmets,Blue,,,S ,,,2,20.1865,0,40.373,13.0863,34.99,14352.7713,1375.9427,429.9821,16158.6961,Vista
43665,62,SO43665,PO16588191572,5/31/2011 0:00,6/12/2011 0:00,6/7/2011 0:00,Shipped,FALSE,29580,Latest Sports Equipment,AW00029580,CARGO TRANSPORT 5,19F0-4638-8E,Seattle,WA ,Washington,US,United States,98104,Northwest,North America,773,"Mountain-100 Silver, 44",BK-M82S-44,Bikes,Mountain Bikes,Silver,44,21.13,M ,H ,U ,1,2039.994,0,2039.994,1912.1544,3399.99,14352.7713,1375.9427,429.9821,16158.6961,Vista
43665,63,SO43665,PO16588191572,5/31/2011 0:00,6/12/2011 0:00,6/7/2011 0:00,Shipped,FALSE,29580,Latest Sports Equipment,AW00029580,CARGO TRANSPORT 5,19F0-4638-8E,Seattle,WA ,Washington,US,United States,98104,Northwest,North America,707,"Sport-100 Helmet, Red",HL-U509-R,Accessories,Helmets,Red,,,S ,,,1,20.1865,0,20.1865,13.0863,34.99,14352.7713,1375.9427,429.9821,16158.6961,Vista
43665,64,SO43665,PO16588191572,5/31/2011 0:00,6/12/2011 0:00,6/7/2011 0:00,Shipped,FALSE,29580,Latest Sports Equipment,AW00029580,CARGO TRANSPORT 5,19F0-4638-8E,Seattle,WA ,Washington,US,United States,98104,Northwest,North America,715,"Long-Sleeve Logo Jersey, L",LJ-0192-L,Clothing,Jerseys,Multi,L,,S ,,U ,2,28.8404,0,57.6808,38.4923,49.99,14352.7713,1375.9427,429.9821,16158.6961,Vista
43665,65,SO43665,PO16588191572,5/31/2011 0:00,6/12/2011 0:00,6/7/2011 0:00,Shipped,FALSE,29580,Latest Sports Equipment,AW00029580,CARGO TRANSPORT 5,19F0-4638-8E,Seattle,WA ,Washington,US,United States,98104,Northwest,North America,777,"Mountain-100 Black, 44",BK-M82B-44,Bikes,Mountain Bikes,Black,44,21.13,M ,H ,U ,2,2024.994,0,4049.988,1898.0944,3374.99,14352.7713,1375.9427,429.9821,16158.6961,Vista
43665,66,SO43665,PO16588191572,5/31/2011 0:00,6/12/2011 0:00,6/7/2011 0:00,Shipped,FALSE,29580,Latest Sports Equipment,AW00029580,CARGO TRANSPORT 5,19F0-4638-8E,Seattle,WA ,Washington,US,United States,98104,Northwest,North America,712,AWC Logo Cap,CA-1098,Clothing,Caps,Multi,,,S ,,U ,2,5.1865,0,10.373,6.9223,8.99,14352.7713,1375.9427,429.9821,16158.6961,Vista
43665,67,SO43665,PO16588191572,5/31/2011 0:00,6/12/2011 0:00,6/7/2011 0:00,Shipped,FALSE,29580,Latest Sports Equipment,AW00029580,CARGO TRANSPORT 5,19F0-4638-8E,Seattle,WA ,Washington,US,United States,98104,Northwest,North America,775,"Mountain-100 Black, 38",BK-M82B-38,Bikes,Mountain Bikes,Black,38,20.35,M ,H ,U ,2,2024.994,0,4049.988,1898.0944,3374.99,14352.7713,1375.9427,429.9821,16158.6961,Vista
43665,68,SO43665,PO16588191572,5/31/2011 0:00,6/12/2011 0:00,6/7/2011 0:00,Shipped,FALSE,29580,Latest Sports Equipment,AW00029580,CARGO TRANSPORT 5,19F0-4638-8E,Seattle,WA ,Washington,US,United States,98104,Northwest,North America,778,"Mountain-100 Black, 48",BK-M82B-48,Bikes,Mountain Bikes,Black,48,21.42,M ,H ,U ,1,2024.994,0,2024.994,1898.0944,3374.99,14352.7713,1375.9427,429.9821,16158.6961,Vista
43665,69,SO43665,PO16588191572,5/31/2011 0:00,6/12/2011 0:00,6/7/2011 0:00,Shipped,FALSE,29580,Latest Sports Equipment,AW00029580,CARGO TRANSPORT 5,19F0-4638-8E,Seattle,WA ,Washington,US,United States,98104,Northwest,North America,709,"Mountain Bike Socks, M",SO-B909-M,Clothing,Socks,White,M,,M ,,U ,6,5.7,0,34.2,3.3963,9.5,14352.7713,1375.9427,429.9821,16158.6961,Vista
43665,70,SO43665,PO16588191572,5/31/2011 0:00,6/12/2011 0:00,6/7/2011 0:00,Shipped,FALSE,29580,Latest Sports Equipment,AW00029580,CARGO TRANSPORT 5,19F0-4638-8E,Seattle,WA ,Washington,US,United States,98104,Northwest,North America,776,"Mountain-100 Black, 42",BK-M82B-42,Bikes,Mountain Bikes,Black,42,20.77,M ,H ,U ,1,2024.994,0,2024.994,1898.0944,3374.99,14352.7713,1375.9427,429.9821,16158.6961,Vista
43666,71,SO43666,PO16008173883,5/31/2011 0:00,6/12/2011 0:00,6/7/2011 0:00,Shipped,FALSE,30052,Wheel Gallery,AW00030052,CARGO TRANSPORT 5,D46A-40CA-8D,San Mateo,CA ,California,US,United States,94404,Southwest,North America,764,"Road-650 Red, 52",BK-R50R-52,Bikes,Road Bikes,Red,52,19.42,R ,L ,U ,1,419.4589,0,419.4589,486.7066,782.99,5056.4896,486.3747,151.9921,5694.8564,Vista
43666,72,SO43666,PO16008173883,5/31/2011 0:00,6/12/2011 0:00,6/7/2011 0:00,Shipped,FALSE,30052,Wheel Gallery,AW00030052,CARGO TRANSPORT 5,D46A-40CA-8D,San Mateo,CA ,California,US,United States,94404,Southwest,North America,753,"Road-150 Red, 56",BK-R93R-56,Bikes,Road Bikes,Red,56,14.68,R ,H ,U ,1,2146.962,0,2146.962,2171.2942,3578.27,5056.4896,486.3747,151.9921,5694.8564,Vista
43666,73,SO43666,PO16008173883,5/31/2011 0:00,6/12/2011 0:00,6/7/2011 0:00,Shipped,FALSE,30052,Wheel Gallery,AW00030052,CARGO TRANSPORT 5,D46A-40CA-8D,San Mateo,CA ,California,US,United States,94404,Southwest,North America,732,"ML Road Frame - Red, 48",FR-R72R-48,Components,Road Frames,Red,48,2.26,R ,M ,U ,1,356.898,0,356.898,352.1394,594.83,5056.4896,486.3747,151.9921,5694.8564,Vista
43666,74,SO43666,PO16008173883,5/31/2011 0:00,6/12/2011 0:00,6/7/2011 0:00,Shipped,FALSE,30052,Wheel Gallery,AW00030052,CARGO TRANSPORT 5,D46A-40CA-8D,San Mateo,CA ,California,US,United States,94404,Southwest,North America,756,"Road-450 Red, 44",BK-R68R-44,Bikes,Road Bikes,Red,44,16.77,R ,M ,U ,1,874.794,0,874.794,884.7083,1457.99,5056.4896,486.3747,151.9921,5694.8564,Vista
43666,75,SO43666,PO16008173883,5/31/2011 0:00,6/12/2011 0:00,6/7/2011 0:00,Shipped,FALSE,30052,Wheel Gallery,AW00030052,CARGO TRANSPORT 5,D46A-40CA-8D,San Mateo,CA ,California,US,United States,94404,Southwest,North America,768,"Road-650 Black, 44",BK-R50B-44,Bikes,Road Bikes,Black,44,18.77,R ,L ,U ,2,419.4589,0,838.9178,486.7066,782.99,5056.4896,486.3747,151.9921,5694.8564,Vista
43666,76,SO43666,PO16008173883,5/31/2011 0:00,6/12/2011 0:00,6/7/2011 0:00,Shipped,FALSE,30052,Wheel Gallery,AW00030052,CARGO TRANSPORT 5,D46A-40CA-8D,San Mateo,CA ,California,US,United States,94404,Southwest,North America,766,"Road-650 Black, 60",BK-R50B-60,Bikes,Road Bikes,Black,60,19.9,R ,L ,U ,1,419.4589,0,419.4589,486.7066,782.99,5056.4896,486.3747,151.9921,5694.8564,Vista
43667,77,SO43667,PO15428132599,5/31/2011 0:00,6/12/2011 0:00,6/7/2011 0:00,Shipped,FALSE,29974,Yellow Bicycle Company,AW00029974,CARGO TRANSPORT 5,4DFB-4B10-A6,Saint Louis,MO ,Missouri,US,United States,63103,Central,North America,710,"Mountain Bike Socks, L",SO-B909-L,Clothing,Socks,White,L,,M ,,U ,3,5.7,0,17.1,3.3963,9.5,6107.082,586.1203,183.1626,6876.3649,SuperiorCard
43667,78,SO43667,PO15428132599,5/31/2011 0:00,6/12/2011 0:00,6/7/2011 0:00,Shipped,FALSE,29974,Yellow Bicycle Company,AW00029974,CARGO TRANSPORT 5,4DFB-4B10-A6,Saint Louis,MO ,Missouri,US,United States,63103,Central,North America,773,"Mountain-100 Silver, 44",BK-M82S-44,Bikes,Mountain Bikes,Silver,44,21.13,M ,H ,U ,1,2039.994,0,2039.994,1912.1544,3399.99,6107.082,586.1203,183.1626,6876.3649,SuperiorCard
43667,79,SO43667,PO15428132599,5/31/2011 0:00,6/12/2011 0:00,6/7/2011 0:00,Shipped,FALSE,29974,Yellow Bicycle Company,AW00029974,CARGO TRANSPORT 5,4DFB-4B10-A6,Saint Louis,MO ,Missouri,US,United States,63103,Central,North America,778,"Mountain-100 Black, 48",BK-M82B-48,Bikes,Mountain Bikes,Black,48,21.42,M ,H ,U ,1,2024.994,0,2024.994,1898.0944,3374.99,6107.082,586.1203,183.1626,6876.3649,SuperiorCard
43667,80,SO43667,PO15428132599,5/31/2011 0:00,6/12/2011 0:00,6/7/2011 0:00,Shipped,FALSE,29974,Yellow Bicycle Company,AW00029974,CARGO TRANSPORT 5,4DFB-4B10-A6,Saint Louis,MO ,Missouri,US,United States,63103,Central,North America,775,"Mountain-100 Black, 38",BK-M82B-38,Bikes,Mountain Bikes,Black,38,20.35,M ,H ,U ,1,2024.994,0,2024.994,1898.0944,3374.99,6107.082,586.1203,183.1626,6876.3649,SuperiorCard
43668,81,SO43668,PO14732180295,5/31/2011 0:00,6/12/2011 0:00,6/7/2011 0:00,Shipped,FALSE,29614,Retail Mall,AW00029614,CARGO TRANSPORT 5,365D-4C9A-BE,Richmond,BC ,British Columbia,CA,Canada,V6B 3P7,Canada,North America,756,"Road-450 Red, 44",BK-R68R-44,Bikes,Road Bikes,Red,44,16.77,R ,M ,U ,3,874.794,0,2624.382,884.7083,1457.99,35944.1562,3461.7654,1081.8017,40487.7233,ColonialVoice
43668,82,SO43668,PO14732180295,5/31/2011 0:00,6/12/2011 0:00,6/7/2011 0:00,Shipped,FALSE,29614,Retail Mall,AW00029614,CARGO TRANSPORT 5,365D-4C9A-BE,Richmond,BC ,British Columbia,CA,Canada,V6B 3P7,Canada,North America,753,"Road-150 Red, 56",BK-R93R-56,Bikes,Road Bikes,Red,56,14.68,R ,H ,U ,2,2146.962,0,4293.924,2171.2942,3578.27,35944.1562,3461.7654,1081.8017,40487.7233,ColonialVoice
43668,83,SO43668,PO14732180295,5/31/2011 0:00,6/12/2011 0:00,6/7/2011 0:00,Shipped,FALSE,29614,Retail Mall,AW00029614,CARGO TRANSPORT 5,365D-4C9A-BE,Richmond,BC ,British Columbia,CA,Canada,V6B 3P7,Canada,North America,760,"Road-650 Red, 60",BK-R50R-60,Bikes,Road Bikes,Red,60,19.9,R ,L ,U ,7,419.4589,0,2936.2123,486.7066,782.99,35944.1562,3461.7654,1081.8017,40487.7233,ColonialVoice
43668,84,SO43668,PO14732180295,5/31/2011 0:00,6/12/2011 0:00,6/7/2011 0:00,Shipped,FALSE,29614,Retail Mall,AW00029614,CARGO TRANSPORT 5,365D-4C9A-BE,Richmond,BC ,British Columbia,CA,Canada,V6B 3P7,Canada,North America,765,"Road-650 Black, 58",BK-R50B-58,Bikes,Road Bikes,Black,58,19.79,R ,L ,U ,6,419.4589,0,2516.7534,486.7066,782.99,35944.1562,3461.7654,1081.8017,40487.7233,ColonialVoice
43668,85,SO43668,PO14732180295,5/31/2011 0:00,6/12/2011 0:00,6/7/2011 0:00,Shipped,FALSE,29614,Retail Mall,AW00029614,CARGO TRANSPORT 5,365D-4C9A-BE,Richmond,BC ,British Columbia,CA,Canada,V6B 3P7,Canada,North America,715,"Long-Sleeve Logo Jersey, L",LJ-0192-L,Clothing,Jerseys,Multi,L,,S ,,U ,6,28.8404,0,173.0424,38.4923,49.99,35944.1562,3461.7654,1081.8017,40487.7233,ColonialVoice
43668,86,SO43668,PO14732180295,5/31/2011 0:00,6/12/2011 0:00,6/7/2011 0:00,Shipped,FALSE,29614,Retail Mall,AW00029614,CARGO TRANSPORT 5,365D-4C9A-BE,Richmond,BC ,British Columbia,CA,Canada,V6B 3P7,Canada,North America,730,"LL Road Frame - Red, 62",FR-R38R-62,Components,Road Frames,Red,62,2.5,R ,L ,U ,6,183.9382,0,1103.6292,187.1571,337.22,35944.1562,3461.7654,1081.8017,40487.7233,ColonialVoice
43668,87,SO43668,PO14732180295,5/31/2011 0:00,6/12/2011 0:00,6/7/2011 0:00,Shipped,FALSE,29614,Retail Mall,AW00029614,CARGO TRANSPORT 5,365D-4C9A-BE,Richmond,BC ,British Columbia,CA,Canada,V6B 3P7,Canada,North America,707,"Sport-100 Helmet, Red",HL-U509-R,Accessories,Helmets,Red,,,S ,,,2,20.1865,0,40.373,13.0863,34.99,35944.1562,3461.7654,1081.8017,40487.7233,ColonialVoice
43668,88,SO43668,PO14732180295,5/31/2011 0:00,6/12/2011 0:00,6/7/2011 0:00,Shipped,FALSE,29614,Retail Mall,AW00029614,CARGO TRANSPORT 5,365D-4C9A-BE,Richmond,BC ,British Columbia,CA,Canada,V6B 3P7,Canada,North America,711,"Sport-100 Helmet, Blue",HL-U509-B,Accessories,Helmets,Blue,,,S ,,,2,20.1865,0,40.373,13.0863,34.99,35944.1562,3461.7654,1081.8017,40487.7233,ColonialVoice
43668,89,SO43668,PO14732180295,5/31/2011 0:00,6/12/2011 0:00,6/7/2011 0:00,Shipped,FALSE,29614,Retail Mall,AW00029614,CARGO TRANSPORT 5,365D-4C9A-BE,Richmond,BC ,British Columbia,CA,Canada,V6B 3P7,Canada,North America,754,"Road-450 Red, 58",BK-R68R-58,Bikes,Road Bikes,Red,58,17.79,R ,M ,U ,2,874.794,0,1749.588,884.7083,1457.99,35944.1562,3461.7654,1081.8017,40487.7233,ColonialVoice
43668,90,SO43668,PO14732180295,5/31/2011 0:00,6/12/2011 0:00,6/7/2011 0:00,Shipped,FALSE,29614,Retail Mall,AW00029614,CARGO TRANSPORT 5,365D-4C9A-BE,Richmond,BC ,British Columbia,CA,Canada,V6B 3P7,Canada,North America,712,AWC Logo Cap,CA-1098,Clothing,Caps,Multi,,,S ,,U ,4,5.1865,0,20.746,6.9223,8.99,35944.1562,3461.7654,1081.8017,40487.7233,ColonialVoice
43668,91,SO43668,PO14732180295,5/31/2011 0:00,6/12/2011 0:00,6/7/2011 0:00,Shipped,FALSE,29614,Retail Mall,AW00029614,CARGO TRANSPORT 5,365D-4C9A-BE,Richmond,BC ,British Columbia,CA,Canada,V6B 3P7,Canada,North America,729,"LL Road Frame - Red, 60",FR-R38R-60,Components,Road Frames,Red,60,2.48,R ,L ,U ,2,183.9382,0,367.8764,187.1571,337.22,35944.1562,3461.7654,1081.8017,40487.7233,ColonialVoice
43668,92,SO43668,PO14732180295,5/31/2011 0:00,6/12/2011 0:00,6/7/2011 0:00,Shipped,FALSE,29614,Retail Mall,AW00029614,CARGO TRANSPORT 5,365D-4C9A-BE,Richmond,BC ,British Columbia,CA,Canada,V6B 3P7,Canada,North America,755,"Road-450 Red, 60",BK-R68R-60,Bikes,Road Bikes,Red,60,17.9,R ,M ,U ,3,874.794,0,2624.382,884.7083,1457.99,35944.1562,3461.7654,1081.8017,40487.7233,ColonialVoice
43668,93,SO43668,PO14732180295,5/31/2011 0:00,6/12/2011 0:00,6/7/2011 0:00,Shipped,FALSE,29614,Retail Mall,AW00029614,CARGO TRANSPORT 5,365D-4C9A-BE,Richmond,BC ,British Columbia,CA,Canada,V6B 3P7,Canada,North America,761,"Road-650 Red, 62",BK-R50R-62,Bikes,Road Bikes,Red,62,20,R ,L ,U ,3,419.4589,0,1258.3767,486.7066,782.99,35944.1562,3461.7654,1081.8017,40487.7233,ColonialVoice
43668,94,SO43668,PO14732180295,5/31/2011 0:00,6/12/2011 0:00,6/7/2011 0:00,Shipped,FALSE,29614,Retail Mall,AW00029614,CARGO TRANSPORT 5,365D-4C9A-BE,Richmond,BC ,British Columbia,CA,Canada,V6B 3P7,Canada,North America,770,"Road-650 Black, 52",BK-R50B-52,Bikes,Road Bikes,Black,52,19.42,R ,L ,U ,2,419.4589,0,838.9178,486.7066,782.99,35944.1562,3461.7654,1081.8017,40487.7233,ColonialVoice
43668,95,SO43668,PO14732180295,5/31/2011 0:00,6/12/2011 0:00,6/7/2011 0:00,Shipped,FALSE,29614,Retail Mall,AW00029614,CARGO TRANSPORT 5,365D-4C9A-BE,Richmond,BC ,British Columbia,CA,Canada,V6B 3P7,Canada,North America,726,"LL Road Frame - Red, 48",FR-R38R-48,Components,Road Frames,Red,48,2.36,R ,L ,U ,3,183.9382,0,551.8146,187.1571,337.22,35944.1562,3461.7654,1081.8017,40487.7233,ColonialVoice
43668,96,SO43668,PO14732180295,5/31/2011 0:00,6/12/2011 0:00,6/7/2011 0:00,Shipped,FALSE,29614,Retail Mall,AW00029614,CARGO TRANSPORT 5,365D-4C9A-BE,Richmond,BC ,British Columbia,CA,Canada,V6B 3P7,Canada,North America,764,"Road-650 Red, 52",BK-R50R-52,Bikes,Road Bikes,Red,52,19.42,R ,L ,U ,2,419.4589,0,838.9178,486.7066,782.99,35944.1562,3461.7654,1081.8017,40487.7233,ColonialVoice
43668,97,SO43668,PO14732180295,5/31/2011 0:00,6/12/2011 0:00,6/7/2011 0:00,Shipped,FALSE,29614,Retail Mall,AW00029614,CARGO TRANSPORT 5,365D-4C9A-BE,Richmond,BC ,British Columbia,CA,Canada,V6B 3P7,Canada,North America,766,"Road-650 Black, 60",BK-R50B-60,Bikes,Road Bikes,Black,60,19.9,R ,L ,U ,2,419.4589,0,838.9178,486.7066,782.99,35944.1562,3461.7654,1081.8017,40487.7233,ColonialVoice
43668,98,SO43668,PO14732180295,5/31/2011 0:00,6/12/2011 0:00,6/7/2011 0:00,Shipped,FALSE,29614,Retail Mall,AW00029614,CARGO TRANSPORT 5,365D-4C9A-BE,Richmond,BC ,British Columbia,CA,Canada,V6B 3P7,Canada,North America,725,"LL Road Frame - Red, 44",FR-R38R-44,Components,Road Frames,Red,44,2.32,R ,L ,U ,2,183.9382,0,367.8764,187.1571,337.22,35944.1562,3461.7654,1081.8017,40487.7233,ColonialVoice
43668,99,SO43668,PO14732180295,5/31/2011 0:00,6/12/2011 0:00,6/7/2011 0:00,Shipped,FALSE,29614,Retail Mall,AW00029614,CARGO TRANSPORT 5,365D-4C9A-BE,Richmond,BC ,British Columbia,CA,Canada,V6B 3P7,Canada,North America,716,"Long-Sleeve Logo Jersey, XL",LJ-0192-X,Clothing,Jerseys,Multi,XL,,S ,,U ,1,28.8404,0,28.8404,38.4923,49.99,35944.1562,3461.7654,1081.8017,40487.7233,ColonialVoice
43668,100,SO43668,PO14732180295,5/31/2011 0:00,6/12/2011 0:00,6/7/2011 0:00,Shipped,FALSE,29614,Retail Mall,AW00029614,CARGO TRANSPORT 5,365D-4C9A-BE,Richmond,BC ,British Columbia,CA,Canada,V6B 3P7,Canada,North America,768,"Road-650 Black, 44",BK-R50B-44,Bikes,Road Bikes,Black,44,18.77,R ,L ,U ,2,419.4589,0,838.9178,486.7066,782.99,35944.1562,3461.7654,1081.8017,40487.7233,ColonialVoice
43668,101,SO43668,PO14732180295,5/31/2011 0:00,6/12/2011 0:00,6/7/2011 0:00,Shipped,FALSE,29614,Retail Mall,AW00029614,CARGO TRANSPORT 5,365D-4C9A-BE,Richmond,BC ,British Columbia,CA,Canada,V6B 3P7,Canada,North America,732,"ML Road Frame - Red, 48",FR-R72R-48,Components,Road Frames,Red,48,2.26,R ,M ,U ,4,356.898,0,1427.592,352.1394,594.83,35944.1562,3461.7654,1081.8017,40487.7233,ColonialVoice
43668,102,SO43668,PO14732180295,5/31/2011 0:00,6/12/2011 0:00,6/7/2011 0:00,Shipped,FALSE,29614,Retail Mall,AW00029614,CARGO TRANSPORT 5,365D-4C9A-BE,Richmond,BC ,British Columbia,CA,Canada,V6B 3P7,Canada,North America,758,"Road-450 Red, 52",BK-R68R-52,Bikes,Road Bikes,Red,52,17.42,R ,M ,U ,6,874.794,0,5248.764,884.7083,1457.99,35944.1562,3461.7654,1081.8017,40487.7233,ColonialVoice
43668,103,SO43668,PO14732180295,5/31/2011 0:00,6/12/2011 0:00,6/7/2011 0:00,Shipped,FALSE,29614,Retail Mall,AW00029614,CARGO TRANSPORT 5,365D-4C9A-BE,Richmond,BC ,British Columbia,CA,Canada,V6B 3P7,Canada,North America,762,"Road-650 Red, 44",BK-R50R-44,Bikes,Road Bikes,Red,44,18.77,R ,L ,U ,4,419.4589,0,1677.8356,486.7066,782.99,35944.1562,3461.7654,1081.8017,40487.7233,ColonialVoice
43668,104,SO43668,PO14732180295,5/31/2011 0:00,6/12/2011 0:00,6/7/2011 0:00,Shipped,FALSE,29614,Retail Mall,AW00029614,CARGO TRANSPORT 5,365D-4C9A-BE,Richmond,BC ,British Columbia,CA,Canada,V6B 3P7,Canada,North America,738,"LL Road Frame - Black, 52",FR-R38B-52,Components,Road Frames,Black,52,2.4,R ,L ,U ,3,178.5808,0,535.7424,204.6251,337.22,35944.1562,3461.7654,1081.8017,40487.7233,ColonialVoice
43668,105,SO43668,PO14732180295,5/31/2011 0:00,6/12/2011 0:00,6/7/2011 0:00,Shipped,FALSE,29614,Retail Mall,AW00029614,CARGO TRANSPORT 5,365D-4C9A-BE,Richmond,BC ,British Columbia,CA,Canada,V6B 3P7,Canada,North America,714,"Long-Sleeve Logo Jersey, M",LJ-0192-M,Clothing,Jerseys,Multi,M,,S ,,U ,4,28.8404,0,115.3616,38.4923,49.99,35944.1562,3461.7654,1081.8017,40487.7233,ColonialVoice
43668,106,SO43668,PO14732180295,5/31/2011 0:00,6/12/2011 0:00,6/7/2011 0:00,Shipped,FALSE,29614,Retail Mall,AW00029614,CARGO TRANSPORT 5,365D-4C9A-BE,Richmond,BC ,British Columbia,CA,Canada,V6B 3P7,Canada,North America,722,"LL Road Frame - Black, 58",FR-R38B-58,Components,Road Frames,Black,58,2.46,R ,L ,U ,3,178.5808,0,535.7424,204.6251,337.22,35944.1562,3461.7654,1081.8017,40487.7233,ColonialVoice
43668,107,SO43668,PO14732180295,5/31/2011 0:00,6/12/2011 0:00,6/7/2011 0:00,Shipped,FALSE,29614,Retail Mall,AW00029614,CARGO TRANSPORT 5,365D-4C9A-BE,Richmond,BC ,British Columbia,CA,Canada,V6B 3P7,Canada,North America,708,"Sport-100 Helmet, Black",HL-U509,Accessories,Helmets,Black,,,S ,,,1,20.1865,0,20.1865,13.0863,34.99,35944.1562,3461.7654,1081.8017,40487.7233,ColonialVoice
43668,108,SO43668,PO14732180295,5/31/2011 0:00,6/12/2011 0:00,6/7/2011 0:00,Shipped,FALSE,29614,Retail Mall,AW00029614,CARGO TRANSPORT 5,365D-4C9A-BE,Richmond,BC ,British Columbia,CA,Canada,V6B 3P7,Canada,North America,733,"ML Road Frame - Red, 52",FR-R72R-52,Components,Road Frames,Red,52,2.3,R ,M ,U ,3,356.898,0,1070.694,352.1394,594.83,35944.1562,3461.7654,1081.8017,40487.7233,ColonialVoice
43668,109,SO43668,PO14732180295,5/31/2011 0:00,6/12/2011 0:00,6/7/2011 0:00,Shipped,FALSE,29614,Retail Mall,AW00029614,CARGO TRANSPORT 5,365D-4C9A-BE,Richmond,BC ,British Columbia,CA,Canada,V6B 3P7,Canada,North America,763,"Road-650 Red, 48",BK-R50R-48,Bikes,Road Bikes,Red,48,19.13,R ,L ,U ,3,419.4589,0,1258.3767,486.7066,782.99,35944.1562,3461.7654,1081.8017,40487.7233,ColonialVoice
43669,110,SO43669,PO14123169936,5/31/2011 0:00,6/12/2011 0:00,6/7/2011 0:00,Shipped,FALSE,29747,The Bike Shop,AW00029747,CARGO TRANSPORT 5,B65C-4867-86,Puyallup,WA ,Washington,US,United States,98371,Northwest,North America,747,"HL Mountain Frame - Black, 38",FR-M94B-38,Components,Mountain Frames,Black,38,2.68,M ,H ,U ,1,714.7043,0,714.7043,739.041,1349.6,714.7043,70.5175,22.0367,807.2585,Vista
43670,111,SO43670,PO14384116310,5/31/2011 0:00,6/12/2011 0:00,6/7/2011 0:00,Shipped,FALSE,29566,Historic Bicycle Sales,AW00029566,CARGO TRANSPORT 5,F101-4649-85,Redford,MI ,Michigan,US,United States,48239,Central,North America,710,"Mountain Bike Socks, L",SO-B909-L,Clothing,Socks,White,L,,M ,,U ,1,5.7,0,5.7,3.3963,9.5,6122.082,587.5603,183.6126,6893.2549,Vista
43670,112,SO43670,PO14384116310,5/31/2011 0:00,6/12/2011 0:00,6/7/2011 0:00,Shipped,FALSE,29566,Historic Bicycle Sales,AW00029566,CARGO TRANSPORT 5,F101-4649-85,Redford,MI ,Michigan,US,United States,48239,Central,North America,709,"Mountain Bike Socks, M",SO-B909-M,Clothing,Socks,White,M,,M ,,U ,2,5.7,0,11.4,3.3963,9.5,6122.082,587.5603,183.6126,6893.2549,Vista
43670,113,SO43670,PO14384116310,5/31/2011 0:00,6/12/2011 0:00,6/7/2011 0:00,Shipped,FALSE,29566,Historic Bicycle Sales,AW00029566,CARGO TRANSPORT 5,F101-4649-85,Redford,MI ,Michigan,US,United States,48239,Central,North America,773,"Mountain-100 Silver, 44",BK-M82S-44,Bikes,Mountain Bikes,Silver,44,21.13,M ,H ,U ,2,2039.994,0,4079.988,1912.1544,3399.99,6122.082,587.5603,183.6126,6893.2549,Vista
43670,114,SO43670,PO14384116310,5/31/2011 0:00,6/12/2011 0:00,6/7/2011 0:00,Shipped,FALSE,29566,Historic Bicycle Sales,AW00029566,CARGO TRANSPORT 5,F101-4649-85,Redford,MI ,Michigan,US,United States,48239,Central,North America,776,"Mountain-100 Black, 42",BK-M82B-42,Bikes,Mountain Bikes,Black,42,20.77,M ,H ,U ,1,2024.994,0,2024.994,1898.0944,3374.99,6122.082,587.5603,183.6126,6893.2549,Vista
43671,115,SO43671,PO13978119376,5/31/2011 0:00,6/12/2011 0:00,6/7/2011 0:00,Shipped,FALSE,29890,Basic Bike Company,AW00029890,CARGO TRANSPORT 5,DFD9-41B7-94,Port Orchard,WA ,Washington,US,United States,98366,Northwest,North America,753,"Road-150 Red, 56",BK-R93R-56,Bikes,Road Bikes,Red,56,14.68,R ,H ,U ,1,2146.962,0,2146.962,2171.2942,3578.27,8128.7876,780.8136,244.0042,9153.6054,Vista
43671,116,SO43671,PO13978119376,5/31/2011 0:00,6/12/2011 0:00,6/7/2011 0:00,Shipped,FALSE,29890,Basic Bike Company,AW00029890,CARGO TRANSPORT 5,DFD9-41B7-94,Port Orchard,WA ,Washington,US,United States,98366,Northwest,North America,714,"Long-Sleeve Logo Jersey, M",LJ-0192-M,Clothing,Jerseys,Multi,M,,S ,,U ,2,28.8404,0,57.6808,38.4923,49.99,8128.7876,780.8136,244.0042,9153.6054,Vista
43671,117,SO43671,PO13978119376,5/31/2011 0:00,6/12/2011 0:00,6/7/2011 0:00,Shipped,FALSE,29890,Basic Bike Company,AW00029890,CARGO TRANSPORT 5,DFD9-41B7-94,Port Orchard,WA ,Washington,US,United States,98366,Northwest,North America,756,"Road-450 Red, 44",BK-R68R-44,Bikes,Road Bikes,Red,44,16.77,R ,M ,U ,1,874.794,0,874.794,884.7083,1457.99,8128.7876,780.8136,244.0042,9153.6054,Vista
43671,118,SO43671,PO13978119376,5/31/2011 0:00,6/12/2011 0:00,6/7/2011 0:00,Shipped,FALSE,29890,Basic Bike Company,AW00029890,CARGO TRANSPORT 5,DFD9-41B7-94,Port Orchard,WA ,Washington,US,United States,98366,Northwest,North America,768,"Road-650 Black, 44",BK-R50B-44,Bikes,Road Bikes,Black,44,18.77,R ,L ,U ,2,419.4589,0,838.9178,486.7066,782.99,8128.7876,780.8136,244.0042,9153.6054,Vista
43671,119,SO43671,PO13978119376,5/31/2011 0:00,6/12/2011 0:00,6/7/2011 0:00,Shipped,FALSE,29890,Basic Bike Company,AW00029890,CARGO TRANSPORT 5,DFD9-41B7-94,Port Orchard,WA ,Washington,US,United States,98366,Northwest,North America,732,"ML Road Frame - Red, 48",FR-R72R-48,Components,Road Frames,Red,48,2.26,R ,M ,U ,2,356.898,0,713.796,352.1394,594.83,8128.7876,780.8136,244.0042,9153.6054,Vista
43671,120,SO43671,PO13978119376,5/31/2011 0:00,6/12/2011 0:00,6/7/2011 0:00,Shipped,FALSE,29890,Basic Bike Company,AW00029890,CARGO TRANSPORT 5,DFD9-41B7-94,Port Orchard,WA ,Washington,US,United States,98366,Northwest,North America,763,"Road-650 Red, 48",BK-R50R-48,Bikes,Road Bikes,Red,48,19.13,R ,L ,U ,2,419.4589,0,838.9178,486.7066,782.99,8128.7876,780.8136,244.0042,9153.6054,Vista
43671,121,SO43671,PO13978119376,5/31/2011 0:00,6/12/2011 0:00,6/7/2011 0:00,Shipped,FALSE,29890,Basic Bike Company,AW00029890,CARGO TRANSPORT 5,DFD9-41B7-94,Port Orchard,WA ,Washington,US,United States,98366,Northwest,North America,755,"Road-450 Red, 60",BK-R68R-60,Bikes,Road Bikes,Red,60,17.9,R ,M ,U ,2,874.794,0,1749.588,884.7083,1457.99,8128.7876,780.8136,244.0042,9153.6054,Vista
43671,122,SO43671,PO13978119376,5/31/2011 0:00,6/12/2011 0:00,6/7/2011 0:00,Shipped,FALSE,29890,Basic Bike Company,AW00029890,CARGO TRANSPORT 5,DFD9-41B7-94,Port Orchard,WA ,Washington,US,United States,98366,Northwest,North America,764,"Road-650 Red, 52",BK-R50R-52,Bikes,Road Bikes,Red,52,19.42,R ,L ,U ,2,419.4589,0,838.9178,486.7066,782.99,8128.7876,780.8136,244.0042,9153.6054,Vista
43671,123,SO43671,PO13978119376,5/31/2011 0:00,6/12/2011 0:00,6/7/2011 0:00,Shipped,FALSE,29890,Basic Bike Company,AW00029890,CARGO TRANSPORT 5,DFD9-41B7-94,Port Orchard,WA ,Washington,US,United States,98366,Northwest,North America,716,"Long-Sleeve Logo Jersey, XL",LJ-0192-X,Clothing,Jerseys,Multi,XL,,S ,,U ,1,28.8404,0,28.8404,38.4923,49.99,8128.7876,780.8136,244.0042,9153.6054,Vista
43671,124,SO43671,PO13978119376,5/31/2011 0:00,6/12/2011 0:00,6/7/2011 0:00,Shipped,FALSE,29890,Basic Bike Company,AW00029890,CARGO TRANSPORT 5,DFD9-41B7-94,Port Orchard,WA ,Washington,US,United States,98366,Northwest,North America,711,"Sport-100 Helmet, Blue",HL-U509-B,Accessories,Helmets,Blue,,,S ,,,1,20.1865,0,20.1865,13.0863,34.99,8128.7876,780.8136,244.0042,9153.6054,Vista
43671,125,SO43671,PO13978119376,5/31/2011 0:00,6/12/2011 0:00,6/7/2011 0:00,Shipped,FALSE,29890,Basic Bike Company,AW00029890,CARGO TRANSPORT 5,DFD9-41B7-94,Port Orchard,WA ,Washington,US,United States,98366,Northwest,North America,708,"Sport-100 Helmet, Black",HL-U509,Accessories,Helmets,Black,,,S ,,,1,20.1865,0,20.1865,13.0863,34.99,8128.7876,780.8136,244.0042,9153.6054,Vista
43672,126,SO43672,PO13862153537,5/31/2011 0:00,6/12/2011 0:00,6/7/2011 0:00,Shipped,FALSE,30067,Red Bicycle Company,AW00030067,CARGO TRANSPORT 5,F4B5-48D0-BA,Pnot-Rouge,QC ,Quebec,CA,Canada,J1E 2T7,Canada,North America,709,"Mountain Bike Socks, M",SO-B909-M,Clothing,Socks,White,M,,M ,,U ,6,5.7,0,34.2,3.3963,9.5,6124.182,587.6023,183.6257,6895.41,Vista
43672,127,SO43672,PO13862153537,5/31/2011 0:00,6/12/2011 0:00,6/7/2011 0:00,Shipped,FALSE,30067,Red Bicycle Company,AW00030067,CARGO TRANSPORT 5,F4B5-48D0-BA,Pnot-Rouge,QC ,Quebec,CA,Canada,J1E 2T7,Canada,North America,776,"Mountain-100 Black, 42",BK-M82B-42,Bikes,Mountain Bikes,Black,42,20.77,M ,H ,U ,2,2024.994,0,4049.988,1898.0944,3374.99,6124.182,587.6023,183.6257,6895.41,Vista
43672,128,SO43672,PO13862153537,5/31/2011 0:00,6/12/2011 0:00,6/7/2011 0:00,Shipped,FALSE,30067,Red Bicycle Company,AW00030067,CARGO TRANSPORT 5,F4B5-48D0-BA,Pnot-Rouge,QC ,Quebec,CA,Canada,J1E 2T7,Canada,North America,774,"Mountain-100 Silver, 48",BK-M82S-48,Bikes,Mountain Bikes,Silver,48,21.42,M ,H ,U ,1,2039.994,0,2039.994,1912.1544,3399.99,6124.182,587.6023,183.6257,6895.41,Vista
43673,129,SO43673,PO13775141242,5/31/2011 0:00,6/12/2011 0:00,6/7/2011 0:00,Shipped,FALSE,29844,Seventh Bike Store,AW00029844,CARGO TRANSPORT 5,260F-4DCF-A1,Plaistow,NH ,New Hampshire,US,United States,3865,Northeast,North America,754,"Road-450 Red, 58",BK-R68R-58,Bikes,Road Bikes,Red,58,17.79,R ,M ,U ,1,874.794,0,874.794,884.7083,1457.99,3746.2015,357.9614,111.8629,4216.0258,Vista
43673,130,SO43673,PO13775141242,5/31/2011 0:00,6/12/2011 0:00,6/7/2011 0:00,Shipped,FALSE,29844,Seventh Bike Store,AW00029844,CARGO TRANSPORT 5,260F-4DCF-A1,Plaistow,NH ,New Hampshire,US,United States,3865,Northeast,North America,715,"Long-Sleeve Logo Jersey, L",LJ-0192-L,Clothing,Jerseys,Multi,L,,S ,,U ,3,28.8404,0,86.5212,38.4923,49.99,3746.2015,357.9614,111.8629,4216.0258,Vista
43673,131,SO43673,PO13775141242,5/31/2011 0:00,6/12/2011 0:00,6/7/2011 0:00,Shipped,FALSE,29844,Seventh Bike Store,AW00029844,CARGO TRANSPORT 5,260F-4DCF-A1,Plaistow,NH ,New Hampshire,US,United States,3865,Northeast,North America,729,"LL Road Frame - Red, 60",FR-R38R-60,Components,Road Frames,Red,60,2.48,R ,L ,U ,1,183.9382,0,183.9382,187.1571,337.22,3746.2015,357.9614,111.8629,4216.0258,Vista
43673,132,SO43673,PO13775141242,5/31/2011 0:00,6/12/2011 0:00,6/7/2011 0:00,Shipped,FALSE,29844,Seventh Bike Store,AW00029844,CARGO TRANSPORT 5,260F-4DCF-A1,Plaistow,NH ,New Hampshire,US,United States,3865,Northeast,North America,761,"Road-650 Red, 62",BK-R50R-62,Bikes,Road Bikes,Red,62,20,R ,L ,U ,2,419.4589,0,838.9178,486.7066,782.99,3746.2015,357.9614,111.8629,4216.0258,Vista
43673,133,SO43673,PO13775141242,5/31/2011 0:00,6/12/2011 0:00,6/7/2011 0:00,Shipped,FALSE,29844,Seventh Bike Store,AW00029844,CARGO TRANSPORT 5,260F-4DCF-A1,Plaistow,NH ,New Hampshire,US,United States,3865,Northeast,North America,762,"Road-650 Red, 44",BK-R50R-44,Bikes,Road Bikes,Red,44,18.77,R ,L ,U ,1,419.4589,0,419.4589,486.7066,782.99,3746.2015,357.9614,111.8629,4216.0258,Vista
43673,134,SO43673,PO13775141242,5/31/2011 0:00,6/12/2011 0:00,6/7/2011 0:00,Shipped,FALSE,29844,Seventh Bike Store,AW00029844,CARGO TRANSPORT 5,260F-4DCF-A1,Plaistow,NH ,New Hampshire,US,United States,3865,Northeast,North America,738,"LL Road Frame - Black, 52",FR-R38B-52,Components,Road Frames,Black,52,2.4,R ,L ,U ,2,178.5808,0,357.1616,204.6251,337.22,3746.2015,357.9614,111.8629,4216.0258,Vista
43673,135,SO43673,PO13775141242,5/31/2011 0:00,6/12/2011 0:00,6/7/2011 0:00,Shipped,FALSE,29844,Seventh Bike Store,AW00029844,CARGO TRANSPORT 5,260F-4DCF-A1,Plaistow,NH ,New Hampshire,US,United States,3865,Northeast,North America,770,"Road-650 Black, 52",BK-R50B-52,Bikes,Road Bikes,Black,52,19.42,R ,L ,U ,2,419.4589,0,838.9178,486.7066,782.99,3746.2015,357.9614,111.8629,4216.0258,Vista
43673,136,SO43673,PO13775141242,5/31/2011 0:00,6/12/2011 0:00,6/7/2011 0:00,Shipped,FALSE,29844,Seventh Bike Store,AW00029844,CARGO TRANSPORT 5,260F-4DCF-A1,Plaistow,NH ,New Hampshire,US,United States,3865,Northeast,North America,712,AWC Logo Cap,CA-1098,Clothing,Caps,Multi,,,S ,,U ,1,5.1865,0,5.1865,6.9223,8.99,3746.2015,357.9614,111.8629,4216.0258,Vista
43673,137,SO43673,PO13775141242,5/31/2011 0:00,6/12/2011 0:00,6/7/2011 0:00,Shipped,FALSE,29844,Seventh Bike Store,AW00029844,CARGO TRANSPORT 5,260F-4DCF-A1,Plaistow,NH ,New Hampshire,US,United States,3865,Northeast,North America,708,"Sport-100 Helmet, Black",HL-U509,Accessories,Helmets,Black,,,S ,,,2,20.1865,0,40.373,13.0863,34.99,3746.2015,357.9614,111.8629,4216.0258,Vista
43673,138,SO43673,PO13775141242,5/31/2011 0:00,6/12/2011 0:00,6/7/2011 0:00,Shipped,FALSE,29844,Seventh Bike Store,AW00029844,CARGO TRANSPORT 5,260F-4DCF-A1,Plaistow,NH ,New Hampshire,US,United States,3865,Northeast,North America,711,"Sport-100 Helmet, Blue",HL-U509-B,Accessories,Helmets,Blue,,,S ,,,1,20.1865,0,20.1865,13.0863,34.99,3746.2015,357.9614,111.8629,4216.0258,Vista
43673,139,SO43673,PO13775141242,5/31/2011 0:00,6/12/2011 0:00,6/7/2011 0:00,Shipped,FALSE,29844,Seventh Bike Store,AW00029844,CARGO TRANSPORT 5,260F-4DCF-A1,Plaistow,NH ,New Hampshire,US,United States,3865,Northeast,North America,707,"Sport-100 Helmet, Red",HL-U509-R,Accessories,Helmets,Red,,,S ,,,4,20.1865,0,80.746,13.0863,34.99,3746.2015,357.9614,111.8629,4216.0258,Vista
43674,140,SO43674,PO12760141756,5/31/2011 0:00,6/12/2011 0:00,6/7/2011 0:00,Shipped,FALSE,29596,Requisite Part Supply,AW00029596,CARGO TRANSPORT 5,4C12-4FF9-80,Ottawa,ON ,Ontario,CA,Canada,K4B 1S2,Canada,North America,758,"Road-450 Red, 52",BK-R68R-52,Bikes,Road Bikes,Red,52,17.42,R ,M ,U ,3,874.794,0,2624.382,884.7083,1457.99,2624.382,251.9407,78.7315,2955.0542,SuperiorCard
43675,141,SO43675,PO12412186464,5/31/2011 0:00,6/12/2011 0:00,6/7/2011 0:00,Shipped,FALSE,29827,First Bike Store,AW00029827,CARGO TRANSPORT 5,5069-4470-BE,Odessa,MO ,Missouri,US,United States,64076,Central,North America,761,"Road-650 Red, 62",BK-R50R-62,Bikes,Road Bikes,Red,62,20,R ,L ,U ,4,419.4589,0,1677.8356,486.7066,782.99,5716.3102,546.8759,170.8987,6434.0848,Vista
43675,142,SO43675,PO12412186464,5/31/2011 0:00,6/12/2011 0:00,6/7/2011 0:00,Shipped,FALSE,29827,First Bike Store,AW00029827,CARGO TRANSPORT 5,5069-4470-BE,Odessa,MO ,Missouri,US,United States,64076,Central,North America,711,"Sport-100 Helmet, Blue",HL-U509-B,Accessories,Helmets,Blue,,,S ,,,5,20.1865,0,100.9325,13.0863,34.99,5716.3102,546.8759,170.8987,6434.0848,Vista
43675,143,SO43675,PO12412186464,5/31/2011 0:00,6/12/2011 0:00,6/7/2011 0:00,Shipped,FALSE,29827,First Bike Store,AW00029827,CARGO TRANSPORT 5,5069-4470-BE,Odessa,MO ,Missouri,US,United States,64076,Central,North America,738,"LL Road Frame - Black, 52",FR-R38B-52,Components,Road Frames,Black,52,2.4,R ,L ,U ,2,178.5808,0,357.1616,204.6251,337.22,5716.3102,546.8759,170.8987,6434.0848,Vista
43675,144,SO43675,PO12412186464,5/31/2011 0:00,6/12/2011 0:00,6/7/2011 0:00,Shipped,FALSE,29827,First Bike Store,AW00029827,CARGO TRANSPORT 5,5069-4470-BE,Odessa,MO ,Missouri,US,United States,64076,Central,North America,708,"Sport-100 Helmet, Black",HL-U509,Accessories,Helmets,Black,,,S ,,,1,20.1865,0,20.1865,13.0863,34.99,5716.3102,546.8759,170.8987,6434.0848,Vista
43675,145,SO43675,PO12412186464,5/31/2011 0:00,6/12/2011 0:00,6/7/2011 0:00,Shipped,FALSE,29827,First Bike Store,AW00029827,CARGO TRANSPORT 5,5069-4470-BE,Odessa,MO ,Missouri,US,United States,64076,Central,North America,762,"Road-650 Red, 44",BK-R50R-44,Bikes,Road Bikes,Red,44,18.77,R ,L ,U ,2,419.4589,0,838.9178,486.7066,782.99,5716.3102,546.8759,170.8987,6434.0848,Vista
43675,146,SO43675,PO12412186464,5/31/2011 0:00,6/12/2011 0:00,6/7/2011 0:00,Shipped,FALSE,29827,First Bike Store,AW00029827,CARGO TRANSPORT 5,5069-4470-BE,Odessa,MO ,Missouri,US,United States,64076,Central,North America,758,"Road-450 Red, 52",BK-R68R-52,Bikes,Road Bikes,Red,52,17.42,R ,M ,U ,2,874.794,0,1749.588,884.7083,1457.99,5716.3102,546.8759,170.8987,6434.0848,Vista
43675,147,SO43675,PO12412186464,5/31/2011 0:00,6/12/2011 0:00,6/7/2011 0:00,Shipped,FALSE,29827,First Bike Store,AW00029827,CARGO TRANSPORT 5,5069-4470-BE,Odessa,MO ,Missouri,US,United States,64076,Central,North America,712,AWC Logo Cap,CA-1098,Clothing,Caps,Multi,,,S ,,U ,2,5.1865,0,10.373,6.9223,8.99,5716.3102,546.8759,170.8987,6434.0848,Vista
43675,148,SO43675,PO12412186464,5/31/2011 0:00,6/12/2011 0:00,6/7/2011 0:00,Shipped,FALSE,29827,First Bike Store,AW00029827,CARGO TRANSPORT 5,5069-4470-BE,Odessa,MO ,Missouri,US,United States,64076,Central,North America,754,"Road-450 Red, 58",BK-R68R-58,Bikes,Road Bikes,Red,58,17.79,R ,M ,U ,1,874.794,0,874.794,884.7083,1457.99,5716.3102,546.8759,170.8987,6434.0848,Vista
43675,149,SO43675,PO12412186464,5/31/2011 0:00,6/12/2011 0:00,6/7/2011 0:00,Shipped,FALSE,29827,First Bike Store,AW00029827,CARGO TRANSPORT 5,5069-4470-BE,Odessa,MO ,Missouri,US,United States,64076,Central,North America,715,"Long-Sleeve Logo Jersey, L",LJ-0192-L,Clothing,Jerseys,Multi,L,,S ,,U ,3,28.8404,0,86.5212,38.4923,49.99,5716.3102,546.8759,170.8987,6434.0848,Vista
43676,150,SO43676,PO11861165059,5/31/2011 0:00,6/12/2011 0:00,6/7/2011 0:00,Shipped,FALSE,29811,Trusted Catalog Store,AW00029811,CARGO TRANSPORT 5,11BA-4D19-B7,Newport News,VA ,Virginia,US,United States,23607,Southeast,North America,776,"Mountain-100 Black, 42",BK-M82B-42,Bikes,Mountain Bikes,Black,42,20.77,M ,H ,U ,2,2024.994,0,4049.988,1898.0944,3374.99,14203.458,1363.266,426.0206,15992.7446,ColonialVoice
43676,151,SO43676,PO11861165059,5/31/2011 0:00,6/12/2011 0:00,6/7/2011 0:00,Shipped,FALSE,29811,Trusted Catalog Store,AW00029811,CARGO TRANSPORT 5,11BA-4D19-B7,Newport News,VA ,Virginia,US,United States,23607,Southeast,North America,778,"Mountain-100 Black, 48",BK-M82B-48,Bikes,Mountain Bikes,Black,48,21.42,M ,H ,U ,2,2024.994,0,4049.988,1898.0944,3374.99,14203.458,1363.266,426.0206,15992.7446,ColonialVoice
43676,152,SO43676,PO11861165059,5/31/2011 0:00,6/12/2011 0:00,6/7/2011 0:00,Shipped,FALSE,29811,Trusted Catalog Store,AW00029811,CARGO TRANSPORT 5,11BA-4D19-B7,Newport News,VA ,Virginia,US,United States,23607,Southeast,North America,710,"Mountain Bike Socks, L",SO-B909-L,Clothing,Socks,White,L,,M ,,U ,1,5.7,0,5.7,3.3963,9.5,14203.458,1363.266,426.0206,15992.7446,ColonialVoice
43676,153,SO43676,PO11861165059,5/31/2011 0:00,6/12/2011 0:00,6/7/2011 0:00,Shipped,FALSE,29811,Trusted Catalog Store,AW00029811,CARGO TRANSPORT 5,11BA-4D19-B7,Newport News,VA ,Virginia,US,United States,23607,Southeast,North America,775,"Mountain-100 Black, 38",BK-M82B-38,Bikes,Mountain Bikes,Black,38,20.35,M ,H ,U ,3,2024.994,0,6074.982,1898.0944,3374.99,14203.458,1363.266,426.0206,15992.7446,ColonialVoice
43676,154,SO43676,PO11861165059,5/31/2011 0:00,6/12/2011 0:00,6/7/2011 0:00,Shipped,FALSE,29811,Trusted Catalog Store,AW00029811,CARGO TRANSPORT 5,11BA-4D19-B7,Newport News,VA ,Virginia,US,United States,23607,Southeast,North America,709,"Mountain Bike Socks, M",SO-B909-M,Clothing,Socks,White,M,,M ,,U ,4,5.7,0,22.8,3.3963,9.5,14203.458,1363.266,426.0206,15992.7446,ColonialVoice
43677,155,SO43677,PO11049174786,5/31/2011 0:00,6/12/2011 0:00,6/7/2011 0:00,Shipped,FALSE,29824,Superb Sales and Repair,AW00029824,CARGO TRANSPORT 5,8E3A-4564-99,Montreal,QC ,Quebec,CA,Canada,H1Y 2H3,Canada,North America,715,"Long-Sleeve Logo Jersey, L",LJ-0192-L,Clothing,Jerseys,Multi,L,,S ,,U ,3,28.8404,0,86.5212,38.4923,49.99,7793.1108,747.1011,233.4691,8773.681,SuperiorCard
43677,156,SO43677,PO11049174786,5/31/2011 0:00,6/12/2011 0:00,6/7/2011 0:00,Shipped,FALSE,29824,Superb Sales and Repair,AW00029824,CARGO TRANSPORT 5,8E3A-4564-99,Montreal,QC ,Quebec,CA,Canada,H1Y 2H3,Canada,North America,753,"Road-150 Red, 56",BK-R93R-56,Bikes,Road Bikes,Red,56,14.68,R ,H ,U ,1,2146.962,0,2146.962,2171.2942,3578.27,7793.1108,747.1011,233.4691,8773.681,SuperiorCard
43677,157,SO43677,PO11049174786,5/31/2011 0:00,6/12/2011 0:00,6/7/2011 0:00,Shipped,FALSE,29824,Superb Sales and Repair,AW00029824,CARGO TRANSPORT 5,8E3A-4564-99,Montreal,QC ,Quebec,CA,Canada,H1Y 2H3,Canada,North America,758,"Road-450 Red, 52",BK-R68R-52,Bikes,Road Bikes,Red,52,17.42,R ,M ,U ,1,874.794,0,874.794,884.7083,1457.99,7793.1108,747.1011,233.4691,8773.681,SuperiorCard
43677,158,SO43677,PO11049174786,5/31/2011 0:00,6/12/2011 0:00,6/7/2011 0:00,Shipped,FALSE,29824,Superb Sales and Repair,AW00029824,CARGO TRANSPORT 5,8E3A-4564-99,Montreal,QC ,Quebec,CA,Canada,H1Y 2H3,Canada,North America,770,"Road-650 Black, 52",BK-R50B-52,Bikes,Road Bikes,Black,52,19.42,R ,L ,U ,1,419.4589,0,419.4589,486.7066,782.99,7793.1108,747.1011,233.4691,8773.681,SuperiorCard
43677,159,SO43677,PO11049174786,5/31/2011 0:00,6/12/2011 0:00,6/7/2011 0:00,Shipped,FALSE,29824,Superb Sales and Repair,AW00029824,CARGO TRANSPORT 5,8E3A-4564-99,Montreal,QC ,Quebec,CA,Canada,H1Y 2H3,Canada,North America,708,"Sport-100 Helmet, Black",HL-U509,Accessories,Helmets,Black,,,S ,,,2,20.1865,0,40.373,13.0863,34.99,7793.1108,747.1011,233.4691,8773.681,SuperiorCard
43677,160,SO43677,PO11049174786,5/31/2011 0:00,6/12/2011 0:00,6/7/2011 0:00,Shipped,FALSE,29824,Superb Sales and Repair,AW00029824,CARGO TRANSPORT 5,8E3A-4564-99,Montreal,QC ,Quebec,CA,Canada,H1Y 2H3,Canada,North America,760,"Road-650 Red, 60",BK-R50R-60,Bikes,Road Bikes,Red,60,19.9,R ,L ,U ,4,419.4589,0,1677.8356,486.7066,782.99,7793.1108,747.1011,233.4691,8773.681,SuperiorCard
43677,161,SO43677,PO11049174786,5/31/2011 0:00,6/12/2011 0:00,6/7/2011 0:00,Shipped,FALSE,29824,Superb Sales and Repair,AW00029824,CARGO TRANSPORT 5,8E3A-4564-99,Montreal,QC ,Quebec,CA,Canada,H1Y 2H3,Canada,North America,765,"Road-650 Black, 58",BK-R50B-58,Bikes,Road Bikes,Black,58,19.79,R ,L ,U ,2,419.4589,0,838.9178,486.7066,782.99,7793.1108,747.1011,233.4691,8773.681,SuperiorCard
43677,162,SO43677,PO11049174786,5/31/2011 0:00,6/12/2011 0:00,6/7/2011 0:00,Shipped,FALSE,29824,Superb Sales and Repair,AW00029824,CARGO TRANSPORT 5,8E3A-4564-99,Montreal,QC ,Quebec,CA,Canada,H1Y 2H3,Canada,North America,763,"Road-650 Red, 48",BK-R50R-48,Bikes,Road Bikes,Red,48,19.13,R ,L ,U ,1,419.4589,0,419.4589,486.7066,782.99,7793.1108,747.1011,233.4691,8773.681,SuperiorCard
43677,163,SO43677,PO11049174786,5/31/2011 0:00,6/12/2011 0:00,6/7/2011 0:00,Shipped,FALSE,29824,Superb Sales and Repair,AW00029824,CARGO TRANSPORT 5,8E3A-4564-99,Montreal,QC ,Quebec,CA,Canada,H1Y 2H3,Canada,North America,712,AWC Logo Cap,CA-1098,Clothing,Caps,Multi,,,S ,,U ,5,5.1865,0,25.9325,6.9223,8.99,7793.1108,747.1011,233.4691,8773.681,SuperiorCard
43677,164,SO43677,PO11049174786,5/31/2011 0:00,6/12/2011 0:00,6/7/2011 0:00,Shipped,FALSE,29824,Superb Sales and Repair,AW00029824,CARGO TRANSPORT 5,8E3A-4564-99,Montreal,QC ,Quebec,CA,Canada,H1Y 2H3,Canada,North America,707,"Sport-100 Helmet, Red",HL-U509-R,Accessories,Helmets,Red,,,S ,,,1,20.1865,0,20.1865,13.0863,34.99,7793.1108,747.1011,233.4691,8773.681,SuperiorCard
43677,165,SO43677,PO11049174786,5/31/2011 0:00,6/12/2011 0:00,6/7/2011 0:00,Shipped,FALSE,29824,Superb Sales and Repair,AW00029824,CARGO TRANSPORT 5,8E3A-4564-99,Montreal,QC ,Quebec,CA,Canada,H1Y 2H3,Canada,North America,754,"Road-450 Red, 58",BK-R68R-58,Bikes,Road Bikes,Red,58,17.79,R ,M ,U ,1,874.794,0,874.794,884.7083,1457.99,7793.1108,747.1011,233.4691,8773.681,SuperiorCard
43677,166,SO43677,PO11049174786,5/31/2011 0:00,6/12/2011 0:00,6/7/2011 0:00,Shipped,FALSE,29824,Superb Sales and Repair,AW00029824,CARGO TRANSPORT 5,8E3A-4564-99,Montreal,QC ,Quebec,CA,Canada,H1Y 2H3,Canada,North America,729,"LL Road Frame - Red, 60",FR-R38R-60,Components,Road Frames,Red,60,2.48,R ,L ,U ,2,183.9382,0,367.8764,187.1571,337.22,7793.1108,747.1011,233.4691,8773.681,SuperiorCard
43678,167,SO43678,PO10817150168,5/31/2011 0:00,6/12/2011 0:00,6/7/2011 0:00,Shipped,FALSE,29889,Separate Parts Corporation,AW00029889,CARGO TRANSPORT 5,FBD8-4CE4-8B,Monrovia,CA ,California,US,United States,91016,Southwest,North America,760,"Road-650 Red, 60",BK-R50R-60,Bikes,Road Bikes,Red,60,19.9,R ,L ,U ,1,419.4589,0,419.4589,486.7066,782.99,9799.9243,942.074,294.3981,11036.3964,Vista
43678,168,SO43678,PO10817150168,5/31/2011 0:00,6/12/2011 0:00,6/7/2011 0:00,Shipped,FALSE,29889,Separate Parts Corporation,AW00029889,CARGO TRANSPORT 5,FBD8-4CE4-8B,Monrovia,CA ,California,US,United States,91016,Southwest,North America,738,"LL Road Frame - Black, 52",FR-R38B-52,Components,Road Frames,Black,52,2.4,R ,L ,U ,2,178.5808,0,357.1616,204.6251,337.22,9799.9243,942.074,294.3981,11036.3964,Vista
43678,169,SO43678,PO10817150168,5/31/2011 0:00,6/12/2011 0:00,6/7/2011 0:00,Shipped,FALSE,29889,Separate Parts Corporation,AW00029889,CARGO TRANSPORT 5,FBD8-4CE4-8B,Monrovia,CA ,California,US,United States,91016,Southwest,North America,765,"Road-650 Black, 58",BK-R50B-58,Bikes,Road Bikes,Black,58,19.79,R ,L ,U ,1,419.4589,0,419.4589,486.7066,782.99,9799.9243,942.074,294.3981,11036.3964,Vista
43678,170,SO43678,PO10817150168,5/31/2011 0:00,6/12/2011 0:00,6/7/2011 0:00,Shipped,FALSE,29889,Separate Parts Corporation,AW00029889,CARGO TRANSPORT 5,FBD8-4CE4-8B,Monrovia,CA ,California,US,United States,91016,Southwest,North America,732,"ML Road Frame - Red, 48",FR-R72R-48,Components,Road Frames,Red,48,2.26,R ,M ,U ,2,356.898,0,713.796,352.1394,594.83,9799.9243,942.074,294.3981,11036.3964,Vista
43678,171,SO43678,PO10817150168,5/31/2011 0:00,6/12/2011 0:00,6/7/2011 0:00,Shipped,FALSE,29889,Separate Parts Corporation,AW00029889,CARGO TRANSPORT 5,FBD8-4CE4-8B,Monrovia,CA ,California,US,United States,91016,Southwest,North America,762,"Road-650 Red, 44",BK-R50R-44,Bikes,Road Bikes,Red,44,18.77,R ,L ,U ,3,419.4589,0,1258.3767,486.7066,782.99,9799.9243,942.074,294.3981,11036.3964,Vista
43678,172,SO43678,PO10817150168,5/31/2011 0:00,6/12/2011 0:00,6/7/2011 0:00,Shipped,FALSE,29889,Separate Parts Corporation,AW00029889,CARGO TRANSPORT 5,FBD8-4CE4-8B,Monrovia,CA ,California,US,United States,91016,Southwest,North America,761,"Road-650 Red, 62",BK-R50R-62,Bikes,Road Bikes,Red,62,20,R ,L ,U ,2,419.4589,0,838.9178,486.7066,782.99,9799.9243,942.074,294.3981,11036.3964,Vista
43678,173,SO43678,PO10817150168,5/31/2011 0:00,6/12/2011 0:00,6/7/2011 0:00,Shipped,FALSE,29889,Separate Parts Corporation,AW00029889,CARGO TRANSPORT 5,FBD8-4CE4-8B,Monrovia,CA ,California,US,United States,91016,Southwest,North America,712,AWC Logo Cap,CA-1098,Clothing,Caps,Multi,,,S ,,U ,3,5.1865,0,15.5595,6.9223,8.99,9799.9243,942.074,294.3981,11036.3964,Vista
43678,174,SO43678,PO10817150168,5/31/2011 0:00,6/12/2011 0:00,6/7/2011 0:00,Shipped,FALSE,29889,Separate Parts Corporation,AW00029889,CARGO TRANSPORT 5,FBD8-4CE4-8B,Monrovia,CA ,California,US,United States,91016,Southwest,North America,708,"Sport-100 Helmet, Black",HL-U509,Accessories,Helmets,Black,,,S ,,,4,20.1865,0,80.746,13.0863,34.99,9799.9243,942.074,294.3981,11036.3964,Vista
43678,175,SO43678,PO10817150168,5/31/2011 0:00,6/12/2011 0:00,6/7/2011 0:00,Shipped,FALSE,29889,Separate Parts Corporation,AW00029889,CARGO TRANSPORT 5,FBD8-4CE4-8B,Monrovia,CA ,California,US,United States,91016,Southwest,North America,729,"LL Road Frame - Red, 60",FR-R38R-60,Components,Road Frames,Red,60,2.48,R ,L ,U ,2,183.9382,0,367.8764,187.1571,337.22,9799.9243,942.074,294.3981,11036.3964,Vista
43678,176,SO43678,PO10817150168,5/31/2011 0:00,6/12/2011 0:00,6/7/2011 0:00,Shipped,FALSE,29889,Separate Parts Corporation,AW00029889,CARGO TRANSPORT 5,FBD8-4CE4-8B,Monrovia,CA ,California,US,United States,91016,Southwest,North America,756,"Road-450 Red, 44",BK-R68R-44,Bikes,Road Bikes,Red,44,16.77,R ,M ,U ,1,874.794,0,874.794,884.7083,1457.99,9799.9243,942.074,294.3981,11036.3964,Vista
43678,177,SO43678,PO10817150168,5/31/2011 0:00,6/12/2011 0:00,6/7/2011 0:00,Shipped,FALSE,29889,Separate Parts Corporation,AW00029889,CARGO TRANSPORT 5,FBD8-4CE4-8B,Monrovia,CA ,California,US,United States,91016,Southwest,North America,725,"LL Road Frame - Red, 44",FR-R38R-44,Components,Road Frames,Red,44,2.32,R ,L ,U ,2,183.9382,0,367.8764,187.1571,337.22,9799.9243,942.074,294.3981,11036.3964,Vista
43678,178,SO43678,PO10817150168,5/31/2011 0:00,6/12/2011 0:00,6/7/2011 0:00,Shipped,FALSE,29889,Separate Parts Corporation,AW00029889,CARGO TRANSPORT 5,FBD8-4CE4-8B,Monrovia,CA ,California,US,United States,91016,Southwest,North America,716,"Long-Sleeve Logo Jersey, XL",LJ-0192-X,Clothing,Jerseys,Multi,XL,,S ,,U ,1,28.8404,0,28.8404,38.4923,49.99,9799.9243,942.074,294.3981,11036.3964,Vista
43678,179,SO43678,PO10817150168,5/31/2011 0:00,6/12/2011 0:00,6/7/2011 0:00,Shipped,FALSE,29889,Separate Parts Corporation,AW00029889,CARGO TRANSPORT 5,FBD8-4CE4-8B,Monrovia,CA ,California,US,United States,91016,Southwest,North America,770,"Road-650 Black, 52",BK-R50B-52,Bikes,Road Bikes,Black,52,19.42,R ,L ,U ,1,419.4589,0,419.4589,486.7066,782.99,9799.9243,942.074,294.3981,11036.3964,Vista
43678,180,SO43678,PO10817150168,5/31/2011 0:00,6/12/2011 0:00,6/7/2011 0:00,Shipped,FALSE,29889,Separate Parts Corporation,AW00029889,CARGO TRANSPORT 5,FBD8-4CE4-8B,Monrovia,CA ,California,US,United States,91016,Southwest,North America,758,"Road-450 Red, 52",BK-R68R-52,Bikes,Road Bikes,Red,52,17.42,R ,M ,U ,2,874.794,0,1749.588,884.7083,1457.99,9799.9243,942.074,294.3981,11036.3964,Vista
43678,181,SO43678,PO10817150168,5/31/2011 0:00,6/12/2011 0:00,6/7/2011 0:00,Shipped,FALSE,29889,Separate Parts Corporation,AW00029889,CARGO TRANSPORT 5,FBD8-4CE4-8B,Monrovia,CA ,California,US,United States,91016,Southwest,North America,715,"Long-Sleeve Logo Jersey, L",LJ-0192-L,Clothing,Jerseys,Multi,L,,S ,,U ,2,28.8404,0,57.6808,38.4923,49.99,9799.9243,942.074,294.3981,11036.3964,Vista
43678,182,SO43678,PO10817150168,5/31/2011 0:00,6/12/2011 0:00,6/7/2011 0:00,Shipped,FALSE,29889,Separate Parts Corporation,AW00029889,CARGO TRANSPORT 5,FBD8-4CE4-8B,Monrovia,CA ,California,US,United States,91016,Southwest,North America,754,"Road-450 Red, 58",BK-R68R-58,Bikes,Road Bikes,Red,58,17.79,R ,M ,U ,1,874.794,0,874.794,884.7083,1457.99,9799.9243,942.074,294.3981,11036.3964,Vista
43678,183,SO43678,PO10817150168,5/31/2011 0:00,6/12/2011 0:00,6/7/2011 0:00,Shipped,FALSE,29889,Separate Parts Corporation,AW00029889,CARGO TRANSPORT 5,FBD8-4CE4-8B,Monrovia,CA ,California,US,United States,91016,Southwest,North America,755,"Road-450 Red, 60",BK-R68R-60,Bikes,Road Bikes,Red,60,17.9,R ,M ,U ,1,874.794,0,874.794,884.7083,1457.99,9799.9243,942.074,294.3981,11036.3964,Vista
43678,184,SO43678,PO10817150168,5/31/2011 0:00,6/12/2011 0:00,6/7/2011 0:00,Shipped,FALSE,29889,Separate Parts Corporation,AW00029889,CARGO TRANSPORT 5,FBD8-4CE4-8B,Monrovia,CA ,California,US,United States,91016,Southwest,North America,711,"Sport-100 Helmet, Blue",HL-U509-B,Accessories,Helmets,Blue,,,S ,,,3,20.1865,0,60.5595,13.0863,34.99,9799.9243,942.074,294.3981,11036.3964,Vista
43678,185,SO43678,PO10817150168,5/31/2011 0:00,6/12/2011 0:00,6/7/2011 0:00,Shipped,FALSE,29889,Separate Parts Corporation,AW00029889,CARGO TRANSPORT 5,FBD8-4CE4-8B,Monrovia,CA ,California,US,United States,91016,Southwest,North America,707,"Sport-100 Helmet, Red",HL-U509-R,Accessories,Helmets,Red,,,S ,,,1,20.1865,0,20.1865,13.0863,34.99,9799.9243,942.074,294.3981,11036.3964,Vista
43679,186,SO43679,PO10527142759,5/31/2011 0:00,6/12/2011 0:00,6/7/2011 0:00,Shipped,FALSE,29761,General Bike Corporation,AW00029761,CARGO TRANSPORT 5,918F-49F3-AD,Mississauga,ON ,Ontario,CA,Canada,L5B 3V4,Canada,North America,760,"Road-650 Red, 60",BK-R50R-60,Bikes,Road Bikes,Red,60,19.9,R ,L ,U ,1,419.4589,0,419.4589,486.7066,782.99,1316.0575,125.8032,39.3135,1481.1742,SuperiorCard
43679,187,SO43679,PO10527142759,5/31/2011 0:00,6/12/2011 0:00,6/7/2011 0:00,Shipped,FALSE,29761,General Bike Corporation,AW00029761,CARGO TRANSPORT 5,918F-49F3-AD,Mississauga,ON ,Ontario,CA,Canada,L5B 3V4,Canada,North America,770,"Road-650 Black, 52",BK-R50B-52,Bikes,Road Bikes,Black,52,19.42,R ,L ,U ,2,419.4589,0,838.9178,486.7066,782.99,1316.0575,125.8032,39.3135,1481.1742,SuperiorCard
43679,188,SO43679,PO10527142759,5/31/2011 0:00,6/12/2011 0:00,6/7/2011 0:00,Shipped,FALSE,29761,General Bike Corporation,AW00029761,CARGO TRANSPORT 5,918F-49F3-AD,Mississauga,ON ,Ontario,CA,Canada,L5B 3V4,Canada,North America,715,"Long-Sleeve Logo Jersey, L",LJ-0192-L,Clothing,Jerseys,Multi,L,,S ,,U ,2,28.8404,0,57.6808,38.4923,49.99,1316.0575,125.8032,39.3135,1481.1742,SuperiorCard
43680,189,SO43680,PO10730130087,5/31/2011 0:00,6/12/2011 0:00,6/7/2011 0:00,Shipped,FALSE,29489,Area Bike Accessories,AW00029489,CARGO TRANSPORT 5,FF1F-4DD0-98,Modesto,CA ,California,US,United States,95354,Southwest,North America,760,"Road-650 Red, 60",BK-R50R-60,Bikes,Road Bikes,Red,60,19.9,R ,L ,U ,3,419.4589,0,1258.3767,486.7066,782.99,11397.4992,1093.6394,341.7623,12832.9009,Distinguish
43680,190,SO43680,PO10730130087,5/31/2011 0:00,6/12/2011 0:00,6/7/2011 0:00,Shipped,FALSE,29489,Area Bike Accessories,AW00029489,CARGO TRANSPORT 5,FF1F-4DD0-98,Modesto,CA ,California,US,United States,95354,Southwest,North America,756,"Road-450 Red, 44",BK-R68R-44,Bikes,Road Bikes,Red,44,16.77,R ,M ,U ,2,874.794,0,1749.588,884.7083,1457.99,11397.4992,1093.6394,341.7623,12832.9009,Distinguish
43680,191,SO43680,PO10730130087,5/31/2011 0:00,6/12/2011 0:00,6/7/2011 0:00,Shipped,FALSE,29489,Area Bike Accessories,AW00029489,CARGO TRANSPORT 5,FF1F-4DD0-98,Modesto,CA ,California,US,United States,95354,Southwest,North America,738,"LL Road Frame - Black, 52",FR-R38B-52,Components,Road Frames,Black,52,2.4,R ,L ,U ,2,178.5808,0,357.1616,204.6251,337.22,11397.4992,1093.6394,341.7623,12832.9009,Distinguish
43680,192,SO43680,PO10730130087,5/31/2011 0:00,6/12/2011 0:00,6/7/2011 0:00,Shipped,FALSE,29489,Area Bike Accessories,AW00029489,CARGO TRANSPORT 5,FF1F-4DD0-98,Modesto,CA ,California,US,United States,95354,Southwest,North America,707,"Sport-100 Helmet, Red",HL-U509-R,Accessories,Helmets,Red,,,S ,,,4,20.1865,0,80.746,13.0863,34.99,11397.4992,1093.6394,341.7623,12832.9009,Distinguish
43680,193,SO43680,PO10730130087,5/31/2011 0:00,6/12/2011 0:00,6/7/2011 0:00,Shipped,FALSE,29489,Area Bike Accessories,AW00029489,CARGO TRANSPORT 5,FF1F-4DD0-98,Modesto,CA ,California,US,United States,95354,Southwest,North America,729,"LL Road Frame - Red, 60",FR-R38R-60,Components,Road Frames,Red,60,2.48,R ,L ,U ,1,183.9382,0,183.9382,187.1571,337.22,11397.4992,1093.6394,341.7623,12832.9009,Distinguish
43680,194,SO43680,PO10730130087,5/31/2011 0:00,6/12/2011 0:00,6/7/2011 0:00,Shipped,FALSE,29489,Area Bike Accessories,AW00029489,CARGO TRANSPORT 5,FF1F-4DD0-98,Modesto,CA ,California,US,United States,95354,Southwest,North America,711,"Sport-100 Helmet, Blue",HL-U509-B,Accessories,Helmets,Blue,,,S ,,,1,20.1865,0,20.1865,13.0863,34.99,11397.4992,1093.6394,341.7623,12832.9009,Distinguish
43680,195,SO43680,PO10730130087,5/31/2011 0:00,6/12/2011 0:00,6/7/2011 0:00,Shipped,FALSE,29489,Area Bike Accessories,AW00029489,CARGO TRANSPORT 5,FF1F-4DD0-98,Modesto,CA ,California,US,United States,95354,Southwest,North America,715,"Long-Sleeve Logo Jersey, L",LJ-0192-L,Clothing,Jerseys,Multi,L,,S ,,U ,2,28.8404,0,57.6808,38.4923,49.99,11397.4992,1093.6394,341.7623,12832.9009,Distinguish
43680,196,SO43680,PO10730130087,5/31/2011 0:00,6/12/2011 0:00,6/7/2011 0:00,Shipped,FALSE,29489,Area Bike Accessories,AW00029489,CARGO TRANSPORT 5,FF1F-4DD0-98,Modesto,CA ,California,US,United States,95354,Southwest,North America,725,"LL Road Frame - Red, 44",FR-R38R-44,Components,Road Frames,Red,44,2.32,R ,L ,U ,2,183.9382,0,367.8764,187.1571,337.22,11397.4992,1093.6394,341.7623,12832.9009,Distinguish
43680,197,SO43680,PO10730130087,5/31/2011 0:00,6/12/2011 0:00,6/7/2011 0:00,Shipped,FALSE,29489,Area Bike Accessories,AW00029489,CARGO TRANSPORT 5,FF1F-4DD0-98,Modesto,CA ,California,US,United States,95354,Southwest,North America,758,"Road-450 Red, 52",BK-R68R-52,Bikes,Road Bikes,Red,52,17.42,R ,M ,U ,1,874.794,0,874.794,884.7083,1457.99,11397.4992,1093.6394,341.7623,12832.9009,Distinguish
43680,198,SO43680,PO10730130087,5/31/2011 0:00,6/12/2011 0:00,6/7/2011 0:00,Shipped,FALSE,29489,Area Bike Accessories,AW00029489,CARGO TRANSPORT 5,FF1F-4DD0-98,Modesto,CA ,California,US,United States,95354,Southwest,North America,761,"Road-650 Red, 62",BK-R50R-62,Bikes,Road Bikes,Red,62,20,R ,L ,U ,1,419.4589,0,419.4589,486.7066,782.99,11397.4992,1093.6394,341.7623,12832.9009,Distinguish
43680,199,SO43680,PO10730130087,5/31/2011 0:00,6/12/2011 0:00,6/7/2011 0:00,Shipped,FALSE,29489,Area Bike Accessories,AW00029489,CARGO TRANSPORT 5,FF1F-4DD0-98,Modesto,CA ,California,US,United States,95354,Southwest,North America,753,"Road-150 Red, 56",BK-R93R-56,Bikes,Road Bikes,Red,56,14.68,R ,H ,U ,2,2146.962,0,4293.924,2171.2942,3578.27,11397.4992,1093.6394,341.7623,12832.9009,Distinguish
43680,200,SO43680,PO10730130087,5/31/2011 0:00,6/12/2011 0:00,6/7/2011 0:00,Shipped,FALSE,29489,Area Bike Accessories,AW00029489,CARGO TRANSPORT 5,FF1F-4DD0-98,Modesto,CA ,California,US,United States,95354,Southwest,North America,708,"Sport-100 Helmet, Black",HL-U509,Accessories,Helmets,Black,,,S ,,,2,20.1865,0,40.373,13.0863,34.99,11397.4992,1093.6394,341.7623,12832.9009,Distinguish
