SalesOrderID,SalesOrderNumber,CustomerID,CustomerName,AccountNumber,City,State,Country,PostalCode,TerritoryName,PurchaseOrderNumber,OrderDate,DueDate,ShipDate,ShipMethod,CarrierTracking,CardType,SubTotal,TaxAmt,Freight,TotalDue,Products,ProductCategories,ProductSubcategories,TotalLineItems
43659,SO43659,29825,Better Bike Shop,AW00029825,Austell,Georgia,United States,30106,Southeast,PO522145787,5/31/2011 12:00:00 AM,6/12/2011 12:00:00 AM,6/7/2011 12:00:00 AM,CARGO TRANSPORT 5,4911-403C-98,ColonialVoice,20565.6206,1971.5149,616.0984,23153.2339,"Mountain-100 Black, 42; Mountain-100 Black, 44; Mountain-100 Black, 48; Mountain-100 Silver, 38; Mountain-100 Silver, 42; Mountain-100 Silver, 44; Mountain-100 Silver, 48; Long-Sleeve Logo Jersey, M; Long-Sleeve Logo Jersey, XL; Mountain Bike Socks, M; AWC Logo Cap; Sport-100 Helmet, Blue",Bikes; Clothing; Accessories,Mountain Bikes; Jerseys; Socks; Caps; Helmets,12
43660,SO43660,29672,Pedals Warehouse,AW00029672,Suwanee,Georgia,United States,30024,Southeast,PO18850127500,5/31/2011 12:00:00 AM,6/12/2011 12:00:00 AM,6/7/2011 12:00:00 AM,CARGO TRANSPORT 5,6431-4D57-83,Vista,1294.2529,124.2483,38.8276,1457.3288,"Road-650 Red, 44; Road-450 Red, 52",Bikes,Road Bikes,2
43661,SO43661,29734,Original Bicycle Supply Company,AW00029734,Toronto,Ontario,Canada,M4B 1V5,Canada,PO18473189620,5/31/2011 12:00:00 AM,6/12/2011 12:00:00 AM,6/7/2011 12:00:00 AM,CARGO TRANSPORT 5,4E0A-4F89-AE,Distinguish,32726.4786,3153.7696,985.553,36865.8012,"HL Mountain Frame - Black, 48; HL Mountain Frame - Black, 42; HL Mountain Frame - Black, 38; AWC Logo Cap; Long-Sleeve Logo Jersey, L; HL Mountain Frame - Silver, 46; Mountain-100 Black, 38; Mountain-100 Black, 48; Sport-100 Helmet, Blue; HL Mountain Frame - Silver, 48; Mountain-100 Black, 42; Mountain-100 Silver, 44; Long-Sleeve Logo Jersey, XL; Mountain-100 Black, 44; Sport-100 Helmet, Black",Components; Clothing; Bikes; Accessories,Mountain Frames; Caps; Jerseys; Mountain Bikes; Helmets,15
43662,SO43662,29994,"Health Spa, Limited",AW00029994,Toronto,Ontario,Canada,M4B 1V5,Canada,PO18444174044,5/31/2011 12:00:00 AM,6/12/2011 12:00:00 AM,6/7/2011 12:00:00 AM,CARGO TRANSPORT 5,2E53-4802-85,ColonialVoice,28832.5289,2775.1646,867.2389,32474.9324,"Road-650 Red, 52; Road-650 Black, 52; LL Road Frame - Red, 62; Road-450 Red, 58; LL Road Frame - Red, 44; Road-650 Red, 44; Road-650 Black, 58; Road-650 Black, 44; Road-150 Red, 56; Road-450 Red, 44; Road-650 Red, 48; ML Road Frame - Red, 48; Road-450 Red, 52; LL Road Frame - Red, 60; LL Road Frame - Black, 58; Road-150 Red, 62; Road-650 Red, 60; LL Road Frame - Red, 48; ML Road Frame - Red, 52; LL Road Frame - Black, 52; Road-650 Black, 60; Road-450 Red, 60",Bikes; Components,Road Bikes; Road Frames,22
43663,SO43663,29565,World Bike Discount Store,AW00029565,Trabuco Canyon,California,United States,92679,Southwest,PO18009186470,5/31/2011 12:00:00 AM,6/12/2011 12:00:00 AM,6/7/2011 12:00:00 AM,CARGO TRANSPORT 5,1E90-4FBF-B6,Vista,419.4589,40.2681,12.5838,472.3108,"Road-650 Red, 60",Bikes,Road Bikes,1
43664,SO43664,29898,Capable Sales and Service,AW00029898,Seattle,Washington,United States,98104,Northwest,PO16617121983,5/31/2011 12:00:00 AM,6/12/2011 12:00:00 AM,6/7/2011 12:00:00 AM,CARGO TRANSPORT 5,2F44-4BA1-BB,ColonialVoice,24432.6088,2344.9921,732.81,27510.4109,"Mountain-100 Silver, 42; Mountain-100 Black, 38; Long-Sleeve Logo Jersey, M; Long-Sleeve Logo Jersey, XL; Mountain-100 Black, 44; Mountain-100 Silver, 38; Mountain-100 Silver, 44; Mountain-100 Black, 48",Bikes; Clothing,Mountain Bikes; Jerseys,8
43665,SO43665,29580,Latest Sports Equipment,AW00029580,Seattle,Washington,United States,98104,Northwest,PO16588191572,5/31/2011 12:00:00 AM,6/12/2011 12:00:00 AM,6/7/2011 12:00:00 AM,CARGO TRANSPORT 5,19F0-4638-8E,Vista,14352.7713,1375.9427,429.9821,16158.6961,"Sport-100 Helmet, Blue; Mountain-100 Silver, 44; Sport-100 Helmet, Red; Long-Sleeve Logo Jersey, L; Mountain-100 Black, 44; AWC Logo Cap; Mountain-100 Black, 38; Mountain-100 Black, 48; Mountain Bike Socks, M; Mountain-100 Black, 42",Accessories; Bikes; Clothing,Helmets; Mountain Bikes; Jerseys; Caps; Socks,10
43666,SO43666,30052,Wheel Gallery,AW00030052,San Mateo,California,United States,94404,Southwest,PO16008173883,5/31/2011 12:00:00 AM,6/12/2011 12:00:00 AM,6/7/2011 12:00:00 AM,CARGO TRANSPORT 5,D46A-40CA-8D,Vista,5056.4896,486.3747,151.9921,5694.8564,"Road-650 Red, 52; Road-150 Red, 56; ML Road Frame - Red, 48; Road-450 Red, 44; Road-650 Black, 44; Road-650 Black, 60",Bikes; Components,Road Bikes; Road Frames,6
43667,SO43667,29974,Yellow Bicycle Company,AW00029974,Saint Louis,Missouri,United States,63103,Central,PO15428132599,5/31/2011 12:00:00 AM,6/12/2011 12:00:00 AM,6/7/2011 12:00:00 AM,CARGO TRANSPORT 5,4DFB-4B10-A6,SuperiorCard,6107.082,586.1203,183.1626,6876.3649,"Mountain Bike Socks, L; Mountain-100 Silver, 44; Mountain-100 Black, 48; Mountain-100 Black, 38",Clothing; Bikes,Socks; Mountain Bikes,4
43668,SO43668,29614,Retail Mall,AW00029614,Richmond,British Columbia,Canada,V6B 3P7,Canada,PO14732180295,5/31/2011 12:00:00 AM,6/12/2011 12:00:00 AM,6/7/2011 12:00:00 AM,CARGO TRANSPORT 5,365D-4C9A-BE,ColonialVoice,35944.1562,3461.7654,1081.8017,40487.7233,"Road-450 Red, 44; Road-150 Red, 56; Road-650 Red, 60; Road-650 Black, 58; Long-Sleeve Logo Jersey, L; LL Road Frame - Red, 62; Sport-100 Helmet, Red; Sport-100 Helmet, Blue; Road-450 Red, 58; AWC Logo Cap; LL Road Frame - Red, 60; Road-450 Red, 60; Road-650 Red, 62; Road-650 Black, 52; LL Road Frame - Red, 48; Road-650 Red, 52; Road-650 Black, 60; LL Road Frame - Red, 44; Long-Sleeve Logo Jersey, XL; Road-650 Black, 44; ML Road Frame - Red, 48; Road-450 Red, 52; Road-650 Red, 44; LL Road Frame - Black, 52; Long-Sleeve Logo Jersey, M; LL Road Frame - Black, 58; Sport-100 Helmet, Black; ML Road Frame - Red, 52; Road-650 Red, 48",Bikes; Clothing; Components; Accessories,Road Bikes; Jerseys; Road Frames; Helmets; Caps,29
43669,SO43669,29747,The Bike Shop,AW00029747,Puyallup,Washington,United States,98371,Northwest,PO14123169936,5/31/2011 12:00:00 AM,6/12/2011 12:00:00 AM,6/7/2011 12:00:00 AM,CARGO TRANSPORT 5,B65C-4867-86,Vista,714.7043,70.5175,22.0367,807.2585,"HL Mountain Frame - Black, 38",Components,Mountain Frames,1
43670,SO43670,29566,Historic Bicycle Sales,AW00029566,Redford,Michigan,United States,48239,Central,PO14384116310,5/31/2011 12:00:00 AM,6/12/2011 12:00:00 AM,6/7/2011 12:00:00 AM,CARGO TRANSPORT 5,F101-4649-85,Vista,6122.082,587.5603,183.6126,6893.2549,"Mountain Bike Socks, L; Mountain Bike Socks, M; Mountain-100 Silver, 44; Mountain-100 Black, 42",Clothing; Bikes,Socks; Mountain Bikes,4
43671,SO43671,29890,Basic Bike Company,AW00029890,Port Orchard,Washington,United States,98366,Northwest,PO13978119376,5/31/2011 12:00:00 AM,6/12/2011 12:00:00 AM,6/7/2011 12:00:00 AM,CARGO TRANSPORT 5,DFD9-41B7-94,Vista,8128.7876,780.8136,244.0042,9153.6054,"Road-150 Red, 56; Long-Sleeve Logo Jersey, M; Road-450 Red, 44; Road-650 Black, 44; ML Road Frame - Red, 48; Road-650 Red, 48; Road-450 Red, 60; Road-650 Red, 52; Long-Sleeve Logo Jersey, XL; Sport-100 Helmet, Blue; Sport-100 Helmet, Black",Bikes; Clothing; Components; Accessories,Road Bikes; Jerseys; Road Frames; Helmets,11
43672,SO43672,30067,Red Bicycle Company,AW00030067,Pnot-Rouge,Quebec,Canada,J1E 2T7,Canada,PO13862153537,5/31/2011 12:00:00 AM,6/12/2011 12:00:00 AM,6/7/2011 12:00:00 AM,CARGO TRANSPORT 5,F4B5-48D0-BA,Vista,6124.182,587.6023,183.6257,6895.41,"Mountain Bike Socks, M; Mountain-100 Black, 42; Mountain-100 Silver, 48",Clothing; Bikes,Socks; Mountain Bikes,3
43673,SO43673,29844,Seventh Bike Store,AW00029844,Plaistow,New Hampshire,United States,03865,Northeast,PO13775141242,5/31/2011 12:00:00 AM,6/12/2011 12:00:00 AM,6/7/2011 12:00:00 AM,CARGO TRANSPORT 5,260F-4DCF-A1,Vista,3746.2015,357.9614,111.8629,4216.0258,"Road-450 Red, 58; Long-Sleeve Logo Jersey, L; LL Road Frame - Red, 60; Road-650 Red, 62; Road-650 Red, 44; LL Road Frame - Black, 52; Road-650 Black, 52; AWC Logo Cap; Sport-100 Helmet, Black; Sport-100 Helmet, Blue; Sport-100 Helmet, Red",Bikes; Clothing; Components; Accessories,Road Bikes; Jerseys; Road Frames; Caps; Helmets,11
43674,SO43674,29596,Requisite Part Supply,AW00029596,Ottawa,Ontario,Canada,K4B 1S2,Canada,PO12760141756,5/31/2011 12:00:00 AM,6/12/2011 12:00:00 AM,6/7/2011 12:00:00 AM,CARGO TRANSPORT 5,4C12-4FF9-80,SuperiorCard,2624.382,251.9407,78.7315,2955.0542,"Road-450 Red, 52",Bikes,Road Bikes,1
43675,SO43675,29827,First Bike Store,AW00029827,Odessa,Missouri,United States,64076,Central,PO12412186464,5/31/2011 12:00:00 AM,6/12/2011 12:00:00 AM,6/7/2011 12:00:00 AM,CARGO TRANSPORT 5,5069-4470-BE,Vista,5716.3102,546.8759,170.8987,6434.0848,"Road-650 Red, 62; Sport-100 Helmet, Blue; LL Road Frame - Black, 52; Sport-100 Helmet, Black; Road-650 Red, 44; Road-450 Red, 52; AWC Logo Cap; Road-450 Red, 58; Long-Sleeve Logo Jersey, L",Bikes; Accessories; Components; Clothing,Road Bikes; Helmets; Road Frames; Caps; Jerseys,9
43676,SO43676,29811,Trusted Catalog Store,AW00029811,Newport News,Virginia,United States,23607,Southeast,PO11861165059,5/31/2011 12:00:00 AM,6/12/2011 12:00:00 AM,6/7/2011 12:00:00 AM,CARGO TRANSPORT 5,11BA-4D19-B7,ColonialVoice,14203.458,1363.266,426.0206,15992.7446,"Mountain-100 Black, 42; Mountain-100 Black, 48; Mountain Bike Socks, L; Mountain-100 Black, 38; Mountain Bike Socks, M",Bikes; Clothing,Mountain Bikes; Socks,5
43677,SO43677,29824,Superb Sales and Repair,AW00029824,Montreal,Quebec,Canada,H1Y 2H3,Canada,PO11049174786,5/31/2011 12:00:00 AM,6/12/2011 12:00:00 AM,6/7/2011 12:00:00 AM,CARGO TRANSPORT 5,8E3A-4564-99,SuperiorCard,7793.1108,747.1011,233.4691,8773.681,"Long-Sleeve Logo Jersey, L; Road-150 Red, 56; Road-450 Red, 52; Road-650 Black, 52; Sport-100 Helmet, Black; Road-650 Red, 60; Road-650 Black, 58; Road-650 Red, 48; AWC Logo Cap; Sport-100 Helmet, Red; Road-450 Red, 58; LL Road Frame - Red, 60",Clothing; Bikes; Accessories; Components,Jerseys; Road Bikes; Helmets; Caps; Road Frames,12
43678,SO43678,29889,Separate Parts Corporation,AW00029889,Monrovia,California,United States,91016,Southwest,PO10817150168,5/31/2011 12:00:00 AM,6/12/2011 12:00:00 AM,6/7/2011 12:00:00 AM,CARGO TRANSPORT 5,FBD8-4CE4-8B,Vista,9799.9243,942.074,294.3981,11036.3964,"Road-650 Red, 60; LL Road Frame - Black, 52; Road-650 Black, 58; ML Road Frame - Red, 48; Road-650 Red, 44; Road-650 Red, 62; AWC Logo Cap; Sport-100 Helmet, Black; LL Road Frame - Red, 60; Road-450 Red, 44; LL Road Frame - Red, 44; Long-Sleeve Logo Jersey, XL; Road-650 Black, 52; Road-450 Red, 52; Long-Sleeve Logo Jersey, L; Road-450 Red, 58; Road-450 Red, 60; Sport-100 Helmet, Blue; Sport-100 Helmet, Red",Bikes; Components; Clothing; Accessories,Road Bikes; Road Frames; Caps; Helmets; Jerseys,19
43679,SO43679,29761,General Bike Corporation,AW00029761,Mississauga,Ontario,Canada,L5B 3V4,Canada,PO10527142759,5/31/2011 12:00:00 AM,6/12/2011 12:00:00 AM,6/7/2011 12:00:00 AM,CARGO TRANSPORT 5,918F-49F3-AD,SuperiorCard,1316.0575,125.8032,39.3135,1481.1742,"Road-650 Red, 60; Road-650 Black, 52; Long-Sleeve Logo Jersey, L",Bikes; Clothing,Road Bikes; Jerseys,3
43680,SO43680,29489,Area Bike Accessories,AW00029489,Modesto,California,United States,95354,Southwest,PO10730130087,5/31/2011 12:00:00 AM,6/12/2011 12:00:00 AM,6/7/2011 12:00:00 AM,CARGO TRANSPORT 5,FF1F-4DD0-98,Distinguish,11397.4992,1093.6394,341.7623,12832.9009,"Road-650 Red, 60; Road-450 Red, 44; LL Road Frame - Black, 52; Sport-100 Helmet, Red; LL Road Frame - Red, 60; Sport-100 Helmet, Blue; Long-Sleeve Logo Jersey, L; LL Road Frame - Red, 44; Road-450 Red, 52; Road-650 Red, 62; Road-150 Red, 56; Sport-100 Helmet, Black",Bikes; Components; Accessories; Clothing,Road Bikes; Road Frames; Helmets; Jerseys,12
